0.00046487787,1.1869048e-07,0.0003907191,6.764905e-05,0.007514682,0.00042543467,9.620484e-06,0.0021133067,0.027744252,0.0029157365,1.0240633e-05,0.19581711,9.35512e-06,0.0001921395,0.032450892,0.029156242
0.0032964114,4.179001e-06,0.0003539794,4.230123e-05,0.009608508,0.0012097663,1.4389331e-05,0.0020714377,0.02649079,0.0007112406,0.00022774554,0.05620669,1.4147412e-05,0.00015804794,0.02871404,0.021015333
0.00042426877,4.87687e-05,0.00035458917,6.342743e-05,0.012464256,9.131134e-06,1.4553425e-05,0.0020116668,0.02479668,0.0022178437,0.00053302036,0.042657353,1.4292543e-05,0.00012953603,0.014269955,0.0052809957
6.730197e-06,0.00039278416,0.00028698347,0.000104501836,0.00031518188,0.00010950804,4.8113092e-05,0.002422124,0.025546096,3.0373922e-05,4.1061587e-05,0.016582038,4.9211474e-05,0.00036512673,0.0019549525,5.3017746e-05
2.10233e-05,0.00032677635,0.00028244467,1.7188655e-05,1.6587095e-05,2.449942e-05,5.9285016e-05,0.002376501,0.024343371,0.00014605814,2.5321353e-05,0.021862498,6.0405004e-05,0.0023630932,0.0011267237,4.7073223e-05
5.231103e-05,0.00050748093,0.0002795087,3.7114787e-05,3.269067e-05,0.0003751561,7.657253e-05,0.0023814777,0.023320688,0.00079648057,1.8546927e-05,0.018032666,7.784638e-05,0.0008468915,0.0020268883,5.1039184e-05
0.00013853314,0.0007230133,0.00027593362,0.00010581719,3.9099315e-05,0.0006739076,9.978349e-05,0.0023843832,0.022326218,0.00040072584,6.692934e-07,0.015779233,0.00010121558,0.0006022872,0.00291355,5.2613374e-05
2.0255917e-05,0.00073954085,0.00027433797,0.00011941283,7.3783012e-06,0.000209201,0.00013299062,0.0023863225,0.021356389,0.00014172982,2.1149888e-05,0.016610367,0.00013452566,0.0011113394,0.0022106445,5.039162e-05
5.0400915e-05,0.0008225029,0.00027160798,7.502188e-06,0.0006126596,0.00065897295,0.0001597901,0.002341315,0.020227864,0.0011754629,3.4726118e-06,0.018780334,0.00016124487,0.0018221138,0.0022496083,4.787024e-05
2.1012096e-05,0.00076236826,0.0002760041,6.63144e-05,5.4787566e-08,0.00014498358,0.00021871348,0.0024016597,0.019499293,0.0005774846,0.00014568311,0.0157187,0.00022026943,0.0007911067,0.0026120134,4.9907496e-05
2.6488646e-05,0.0006870271,0.0002757842,4.89662e-05,2.6496315e-05,0.00021014175,0.0002743387,0.0023897223,0.018537821,0.0005884724,0.00013596659,0.016052289,0.0002757769,0.0009825381,0.0023366543,4.7957295e-05
0.00011906136,0.0006273136,0.00027624101,3.9960833e-06,0.0002916575,0.00050733594,0.0003372763,0.002355593,0.017508358,0.0010025433,3.4156306e-05,0.016909778,0.00033842796,0.00078033726,0.0024036013,4.580905e-05
0.0001598065,0.0006403899,0.00027938248,2.4507091e-05,0.00018998364,0.0004175663,0.00042702025,0.0023699375,0.016678646,0.00038543064,6.531925e-05,0.015699606,0.0004278271,0.00053966977,0.0018693274,4.5570054e-05
0.00027904927,0.0005935578,0.0002818996,4.221134e-05,0.00020077344,0.00048544942,0.0005348102,0.0023715436,0.015826248,0.00067728286,6.5886255e-05,0.014800849,0.0005350685,0.00031083167,0.0016668073,4.4659064e-05
0.00018820503,0.00052619894,0.0002848351,0.00010250921,4.73826e-05,0.00018431347,0.00067804515,0.0023920569,0.015066282,0.0001280142,0.0001435089,0.013851212,0.0006775279,0.00032554648,0.0007669627,4.327505e-05
0.0002821204,0.00044023545,0.0002859581,6.771476e-05,0.00014559859,0.00026790466,0.0008387512,0.0023768144,0.014208249,2.0232585e-07,6.0262522e-05,0.013618822,0.00083708356,0.00031368647,0.0006455899,4.0944724e-05
0.00026668896,0.00041883643,0.00028886774,0.00010967901,7.717848e-05,0.00011434309,0.0010471597,0.0023907772,0.013467686,0.0010351834,9.318333e-05,0.012367654,0.0010439617,0.00032413556,0.0002557143,3.961766e-05
0.00041354934,0.00030848986,0.0002912179,8.1020444e-05,0.00026392352,0.00021258021,0.0012861415,0.002368802,0.012632024,0.0001570427,2.1787835e-05,0.01200356,0.0012807876,0.00030835837,0.0002480791,3.700842e-05
0.00039145869,0.00021141209,0.00029505734,0.00011772277,0.00025246944,0.00013947199,0.0015933996,0.0023681975,0.011889021,0.00073835335,1.0483438e-05,0.011180933,0.0015851862,0.00030838847,6.9914364e-05,3.4436103e-05
0.00062015344,9.129484e-05,0.00029878895,9.404145e-05,0.0005389416,0.00018237004,0.001953193,0.0023503653,0.011114764,0.00025872167,3.9811036e-07,0.010437961,0.0019412113,0.0002967803,5.7427445e-05,3.184959e-05
0.00084741984,3.371516e-05,0.0003036476,8.590606e-05,0.00082444935,0.00016709797,0.0023992066,0.0023311311,0.010364252,0.00059646636,1.8480632e-05,0.010711135,0.0023821949,0.000285089,1.5434496e-05,2.7584345e-05
0.00080222916,1.8402066e-06,0.00030417403,6.341035e-05,0.0009062533,0.00019620697,0.0029620738,0.002316657,0.009667025,0.0009109552,0.00010477804,0.009739493,0.0029387742,0.0002715835,9.67197e-07,2.4059065e-05
0.0011530174,3.80167e-06,0.0003048439,4.0874074e-05,0.0012632388,0.00015216846,0.0036336505,0.0023031465,0.008988982,0.00061791524,0.00020118749,0.00756943,0.003602398,0.0002603025,1.7051656e-05,2.2260936e-05
0.0012021739,3.061222e-05,0.0003101484,3.9102833e-06,0.0015687419,0.00022223471,0.004452655,0.002288111,0.008328005,0.00092708686,0.00027111024,0.006378698,0.004410754,0.00025217823,9.0850306e-05,1.8966803e-05
0.0012705942,9.871946e-05,0.0003148745,3.6350236e-06,0.0019806898,0.00022283579,0.0054520606,0.0022677048,0.0076784836,0.0009981432,0.00037530618,0.0052054645,0.0053966143,0.00023960031,0.00021537593,1.5637812e-05
0.00092739315,9.56861e-05,0.0003206098,1.9349642e-09,0.001553768,4.7957095e-05,0.0067113964,0.0022749512,0.0071265446,0.0071500847,0.0002815963,0.003695102,0.006638684,0.00024446897,0.00091077347,1.2528308e-05
0.001468449,0.00019828886,0.00032315784,1.5505178e-05,0.0026692299,0.00018393819,0.008175369,0.0022291231,0.0064692358,0.0029569436,0.00065544323,0.0024778566,0.008081043,0.00021464638,0.0006003441,9.332063e-06
0.0015747014,0.00024210436,0.00032849656,8.410026e-06,0.003116257,5.518124e-05,0.009993677,0.0022079789,0.0058949473,0.0040828246,0.00077467546,0.0012452623,0.009871823,0.00020194304,0.00093232875,6.662463e-06
0.0019240436,0.0003173825,0.00033213478,3.3557087e-06,0.0042150873,0.00021781061,0.012185577,0.0021662067,0.005307569,0.0028045604,0.0013012247,0.0004090996,0.012029156,0.00017658813,0.00067394937,3.9274205e-06
0.0012630047,0.00017244958,0.00033899775,1.4951617e-05,0.0033871639,6.3007546e-06,0.014941626,0.002171744,0.004848947,0.016606595,0.0010324175,5.2549694e-07,0.014741277,0.00017913026,0.0019837017,1.933475e-06
0.001598419,0.00014056874,0.00034111898,1.9919048e-06,0.0046356097,9.85868e-06,0.0062560434,0.002124918,0.004304554,0.0131945545,0.0015802339,0.00050594064,0.0058064503,0.00015162249,0.0014107458,6.122588e-07
0.0018773054,7.227601e-05,0.00034086767,2.6867397e-10,0.005467385,6.220816e-06,0.0017378915,0.002085449,0.0038075247,0.0113616,0.0022597387,0.0030375302,0.0014339386,0.00012836438,0.0007127096,4.5000547e-06
0.0014454694,2.8577128e-06,0.00032819368,8.349193e-07,0.0048971456,9.461571e-05,0.0006594956,0.0020772757,0.003414418,0.011416381,0.0027299735,0.006850812,0.00048712725,0.000116124385,7.916256e-05,0.00075815606
0.0011166511,3.573955e-05,0.00031507298,2.2848553e-08,0.0038130397,0.00021196797,0.00022609568,0.002089614,0.0030695954,0.01998509,0.0022184118,2.2983593e-05,0.0001314233,0.000110382345,0.00029113246,0.0048272545
0.002802815,9.5462914e-05,0.0003085133,1.780382e-06,0.00347601,8.131654e-06,0.0006052949,0.0020789534,0.0026777491,0.008940826,0.0025587296,0.0053896676,0.00081520627,9.690986e-05,4.327737e-06,8.7544805e-07
0.002246904,0.00022624046,0.00029530068,1.5667467e-06,0.0021619422,0.00011726276,0.0008145597,0.0020771541,0.0023739545,0.011962539,0.0031011386,4.08958e-05,0.0010418087,8.9054905e-05,0.0006348092,3.4332612e-07
0.00074179564,0.00044581827,0.000259905,5.9465852e-05,0.0012642305,0.001343476,0.0011789436,0.0020447497,0.0020814256,0.009450512,0.0034788596,0.00027122212,0.0013643539,7.084451e-05,0.0016180961,0.006170179
0.0013402447,0.0011851436,0.00024954163,7.191769e-05,0.0006867881,0.001346484,0.0042410973,0.002058536,0.0017945593,0.012349023,0.0029705446,0.017237695,0.004649674,6.2915984e-05,0.0018115346,0.01978649
0.0019046514,0.0021365643,0.00023868587,3.8210677e-05,4.032866e-06,0.00096137164,0.003970655,0.0020826545,0.0015575297,0.022903979,0.0022722378,0.03275064,0.0044012326,6.207719e-05,0.0020124414,1.7025371e-06
0.001490664,0.0031094598,0.00020763688,0.00023796454,0.00034491927,0.001718931,0.004610305,0.0020350555,0.0012962577,0.0060799574,0.0034102614,0.0036896835,0.004935905,4.3957563e-05,0.00850939,5.970442e-07
0.0001782538,0.004237973,0.00017441783,0.0005487019,0.001313198,0.0040748846,0.0054565486,0.0020200321,0.0011000682,0.008089619,0.0027189732,1.6060681e-05,0.0056658597,3.4462948e-05,0.011141845,0.007327205
0.000206061,0.0054199602,0.00014996932,0.00060992443,0.0022955413,0.003104844,0.0093339775,0.0020241162,0.0009013412,0.0080396775,0.0016991331,0.008473644,0.009568434,2.3282608e-05,0.012757506,0.012507391
0.00036691272,0.0035703215,0.000117818825,0.00014975177,0.0062179524,0.0037869143,0.0026909749,0.002042685,0.0007451399,0.0096715065,0.0005555316,0.011902156,0.0027176843,1.4928851e-05,0.011804777,1.4220129e-07
0.00518427,0.001525809,7.002144e-05,7.253873e-05,0.0074692573,0.0050251028,0.0010457169,0.0019983528,0.00057375414,0.0004637515,8.1304215e-06,0.0016834601,0.00091979874,2.2459133e-06,0.016949052,0.004206063
0.0007647169,0.0051412373,4.955126e-05,0.0010357487,0.0024164228,0.0014014972,0.013175525,0.0020210186,0.00042953508,0.002481852,0.0018612829,0.0012058015,0.0125660505,0.0005058203,0.015479354,0.0042011524
0.00061009225,0.0062485826,4.3893106e-05,0.0007005949,8.995355e-06,7.851213e-05,0.0043738764,0.002262953,0.00037239766,0.00033687582,0.0059941695,0.008211992,0.0039214003,0.0016902068,0.011195261,0.0151976915
0.0006980603,0.007975966,2.5721032e-05,3.469645e-05,4.2506067e-06,0.0031411685,0.0011040868,0.0032901685,0.00032006158,0.002571038,0.029171694,0.0009969615,0.0014618566,0.0072880783,0.0013227147,3.876338e-06
0.00051284174,0.0016693982,0.01007721,0.000120428456,1.3323541e-05,0.0038646383,0.00017984814,7.277649e-08,0.00022605575,6.3421736e-05,0.08075058,0.007629233,0.00022598144,6.257774e-05,0.0047224853,0.004104562
0.0006625306,0.0012197545,0.010537987,0.00017515662,5.7650777e-05,0.0018189144,0.00023130339,0.00038926848,0.00027491793,0.0003704388,0.038397886,0.004103069,0.00029187027,2.6505184e-06,0.004361694,0.017117407
0.0029390997,0.0019097924,0.009791143,0.001435536,5.4443397e-05,0.0014247929,0.0009841077,0.0011993337,0.00022292689,6.299572e-05,0.04094659,0.014856876,0.00091066194,0.0024344013,0.00014289282,5.006938e-07
0.0009650334,0.0015774842,0.0095314,0.00032313392,5.261642e-05,0.0027051703,0.00029063332,0.001805066,0.000245414,0.0015146098,0.044502627,0.008168304,0.00024541633,0.0004669338,0.0010605194,1.07364336e-07
0.00059655297,0.00097637624,0.010098031,0.00017323869,5.8546604e-05,0.0018971957,0.0016187963,0.00055771356,0.0003525632,5.661078e-05,0.011790171,0.0063845664,0.0017938906,0.00017868937,0.006752983,0.0077979304
0.0006373768,0.0002615584,0.009127901,0.0001704773,4.0046056e-05,0.00091274246,0.00085158314,0.0002913766,0.00027711937,0.0011338902,0.02049613,0.015344578,0.0009560813,0.00023750594,0.0045562414,0.024594307
0.005073746,0.0019218664,0.007165478,0.0027239088,3.829262e-05,0.0010941117,6.613345e-06,0.0022829375,0.00035504444,7.096752e-05,0.008366865,0.02540353,1.863019e-05,0.0033992536,0.0001655665,1.0264141e-06
0.0024204112,0.0017577017,0.007182643,0.0016476294,0.00021939559,0.0011860754,0.0041795145,0.00043295257,0.00036019736,1.7409291e-05,0.023481052,0.0008220619,0.0044053025,0.0024249116,0.0025681127,0.0069461907
0.0006411096,0.00034059247,0.00805611,0.00015698967,2.7544025e-05,0.0012882535,0.0033288335,0.00045650438,0.0005083602,0.002410252,0.003819373,0.002547479,0.0036096699,0.00014811366,0.008144902,0.021766055
0.0055746636,0.00729444,0.007665104,0.004148998,0.00036993672,0.0011053666,0.0014128981,0.0031920357,0.0005958826,4.0371763e-08,0.0016523724,0.007622987,0.0014866922,0.0035999995,0.00018483354,6.298984e-07
0.0011206582,0.0055189123,0.007362682,0.0019122886,6.82606e-05,0.00019936718,0.0013666854,0.005732919,0.0007666093,5.4770826e-06,0.00043093553,0.011270949,0.0014505704,0.007079841,0.0009298707,0.00070366584
0.0004423791,0.0006192988,0.008622423,0.00041130997,0.00058642187,0.0008101257,0.0056597954,0.0028958921,0.0008593832,0.0008115956,0.002611507,0.016263774,0.005814874,0.0037457063,0.0014518973,0.0016063356
0.0008078015,0.00013401198,0.007970047,0.0003407839,0.0006208788,0.0003076111,0.0037900854,0.0035168484,0.00057706697,0.0011082855,3.4552304e-05,0.01069792,0.0040158913,0.0018854273,0.0012829896,0.013286573
0.0024954851,0.0027631961,0.007999619,0.0017629984,0.00025290594,0.00030479708,0.0007924204,0.010217469,0.0012292012,0.0004515021,0.00030485485,0.015913345,0.00081865094,0.00609403,0.0008576356,2.374641e-07
0.00032402386,2.753035e-05,0.0077925627,0.0002487104,0.00012406512,0.0001692623,0.0018833573,0.00963638,0.0014234749,0.0007991629,0.00018205505,0.0015078,0.0019836193,0.0051913494,0.00033663737,0.000228345
0.00050588563,0.00020691579,0.008978317,0.0003217554,0.00047955225,0.0002843865,0.0043144217,0.0077291015,0.000710723,0.0017378516,9.266083e-06,0.004708953,0.0044360477,0.0034679207,0.00045174087,0.0058418857
0.000109196386,0.00023466963,0.007023322,6.425992e-05,9.763692e-05,7.351261e-05,0.0014368416,0.012602264,0.0018252172,0.0061019138,0.001177672,0.009978136,0.0015429416,0.0022261771,9.586273e-06,9.567055e-07
0.002381765,0.0124881435,0.007815025,0.0001893417,3.3859105e-05,0.0012746151,0.007881907,0.014389322,0.0021187994,0.002270174,0.00063856086,0.0124494545,0.007995951,0.008339913,2.8422206e-05,0.00042307092
6.888961e-05,0.00020814195,0.0075819823,8.007787e-05,0.00028681985,0.0005142006,0.0041951044,0.012900649,0.002072038,0.0030847276,0.00037046004,0.009703403,0.0043714563,0.0053664614,0.00010795253,8.693502e-05
0.00047820836,0.00015743809,0.008209723,0.0003214561,0.00014455392,0.00012171653,0.0043571154,0.01386961,0.00058472564,0.0016834699,0.00033347338,0.013073549,0.004485762,0.0044349977,1.0536335e-06,0.0052221743
0.00013716954,0.0013067821,0.0062269187,3.5697872e-07,1.3217403e-05,2.3461666e-06,0.0014369861,0.020331971,0.0028438284,0.013701761,0.0017126352,0.014887893,0.001539137,0.002414503,0.0002430745,5.683212e-07
6.688254e-05,0.0010645863,0.0072075785,3.359932e-05,5.4442205e-07,6.207424e-05,0.0032766303,0.02043995,0.003141131,0.0054675173,0.00075836043,0.0018289235,0.0033722222,0.0051587317,0.00016891875,5.7964627e-07
0.00032410325,0.00015354356,0.0068626967,0.0002508582,6.122635e-05,0.00012682861,0.005582174,0.017280756,0.0004760874,0.0022264977,0.0007135954,0.009693401,0.005820166,0.00530716,9.401674e-05,0.0024829477
0.00040476862,0.0049897693,0.006065679,0.00011549322,3.2252123e-05,5.840792e-07,0.009933382,0.019553594,0.0015878673,0.00095405144,0.0009078204,0.016673928,0.010202941,0.010885684,6.7437433e-09,5.4002108e-08
0.0015028245,0.007814951,0.0058112293,0.00010297079,3.2972774e-05,0.0003698918,0.010019982,0.022458492,0.004150473,0.0032101728,0.0013255321,0.011168436,0.010356268,0.007706346,3.314464e-07,0.00077676075
4.482605e-05,0.0005375698,0.0067225853,0.0002361603,2.1662816e-05,0.00028885476,0.010063632,0.020880936,0.00045553382,0.00067860103,0.00031192743,0.011434692,0.010325804,0.010405989,4.9741066e-05,0.00014428826
0.0001851706,0.00010226194,0.006521273,0.0001310764,2.9855548e-05,0.00013792906,0.0043766047,0.024119345,0.00023610305,0.005114032,0.0009371442,0.016059276,0.004605037,0.0045088558,0.00018323153,0.0024103224
0.00040021862,0.0030505988,0.005612801,2.3684375e-05,3.0198482e-05,6.70409e-08,0.006211961,0.0282048,0.0009840853,0.00770266,0.0009505392,0.015716888,0.006428276,0.006529103,4.1471474e-05,1.2740455e-07
4.001815e-05,0.00017546283,0.00562591,8.26228e-05,2.9152825e-05,0.00031122408,0.0056034806,0.02771071,0.00080544676,0.0034098958,0.0011750644,0.0013005497,0.005887321,0.0061482633,0.00010998244,8.8145454e-05
3.5981553e-05,0.00021745889,0.0063454877,4.684828e-05,4.085774e-05,0.00019508811,0.0051844246,0.02901601,2.7603407e-06,0.007840042,0.00040079714,0.012487198,0.005376771,0.00544117,0.00020566184,0.0016272392
7.945264e-05,0.00040038794,0.004541745,0.00024291468,3.0085926e-05,2.4246356e-05,0.00756755,0.030508041,0.00020431008,0.0043988093,0.0014174969,0.018105965,0.007944866,0.0060789874,7.6015975e-05,3.032973e-07
0.0039629503,0.012727969,0.005017892,9.422685e-10,3.190072e-05,0.0005888477,0.012256776,0.033631977,0.003803962,0.010015627,0.0007343355,0.011095575,0.012596858,0.008095503,0.00010117792,0.001836835
3.9019782e-05,0.00042565848,0.005040489,1.7232175e-07,1.6500553e-05,0.00060789473,0.008132149,0.031384416,1.2786679e-05,0.007824839,0.0007219167,0.009139578,0.008513228,0.006749773,0.00010058299,0.0004918132
8.1042715e-05,0.0003624826,0.00565265,0.00013577797,2.7591419e-05,3.0831256e-05,0.009007234,0.03278218,2.726734e-05,0.0036708554,0.0005709822,0.016423902,0.009319219,0.008186403,6.451353e-05,0.001779404
1.8790814e-05,0.00076409726,0.0041382466,0.00024782383,3.003663e-05,5.6009645e-07,0.010116859,0.035256937,7.732282e-05,0.0040241,0.0015555447,0.01681372,0.010590918,0.0074544805,4.191947e-05,1.376697e-07
2.675929e-05,0.00040944325,0.0051035346,0.00015429339,2.8906723e-05,0.00012921463,0.010111728,0.036306586,5.1940937e-05,0.0018863591,0.00074208947,0.0014416354,0.010468825,0.010066263,1.1754894e-05,0.00051056314
0.0001823467,0.00029651268,0.0049276836,0.0002895846,2.7202597e-05,4.7312875e-05,0.011174509,0.034545515,0.00014463734,0.0024265908,0.0007746336,0.01785909,0.011659181,0.008408381,0.00016765975,0.0016766243
7.483083e-05,0.00028487926,0.0043004486,0.00022521957,2.8692879e-05,2.9784529e-05,0.008366118,0.041385245,4.0580515e-05,0.005730163,0.00092555623,0.019853596,0.0087069,0.007311811,7.393893e-05,1.4610482e-07
2.3924986e-06,0.00020014726,0.004146917,6.621251e-05,2.8553804e-05,0.00036744724,0.007934817,0.041980613,0.00015738237,0.0048907576,0.0013367174,0.010009985,0.008358749,0.007169207,1.4540719e-05,0.0027011645
1.0224331e-05,0.00034083452,0.0049688406,0.00011008513,2.613973e-05,0.00034206588,0.011532289,0.040485784,0.00011584371,0.005001397,0.00030646537,0.010743762,0.011933885,0.010523718,3.4576744e-05,0.000539858
0.00034682147,0.00016448858,0.0050389236,0.0005195994,2.6321037e-05,1.6621098e-05,0.010950279,0.04022098,0.00015402974,0.0020302834,0.0008113545,0.018831134,0.011448565,0.008576958,0.000109702414,0.0010952081
0.00033942636,0.00014710418,0.0044331104,0.0006493505,2.7899541e-05,1.1105528e-05,0.010769206,0.045227133,0.000119236865,0.0027126095,0.000787644,0.014737555,0.011191654,0.009312188,7.883258e-06,5.2055533e-08
6.363362e-05,0.00012215883,0.0046994365,0.00023681475,2.6216787e-05,0.0002514703,0.008432763,0.045893703,1.4389798e-07,0.005359809,0.0009818054,0.0012479897,0.008882168,0.007296352,8.326701e-06,0.0009363297
0.0004648753,0.00023397802,0.0050697816,0.0009455574,2.5381403e-05,1.0528839e-05,0.01451365,0.043619167,0.00083753694,0.002223051,0.00029899756,0.018832542,0.015015963,0.011432404,1.807616e-05,0.0021809458
0.0006684813,1.2147054e-05,0.004074682,0.0033403917,2.7384353e-05,8.509753e-05,0.013144243,0.0463904,0.00024330454,0.00018580216,0.0013215455,0.025102042,0.013780687,0.011143824,7.4765785e-06,7.392839e-08
0.00015515342,1.0560969e-05,0.0043972675,0.0027955116,2.6618067e-05,0.00076229917,0.0110707,0.051263798,4.1555177e-06,0.0010900225,0.0007992312,0.010661454,0.011544057,0.013084493,1.2474865e-05,0.0052091656
5.673193e-05,0.00026274926,0.00386744,0.0005141816,2.4078021e-05,0.00037317994,0.013981275,0.049002927,0.00045890268,0.008526938,0.0005496783,0.010092893,0.014630484,0.01011876,2.855447e-05,0.0005576008
0.0004572449,0.00025508823,0.004794818,0.0011888769,2.434679e-05,6.891191e-06,0.01396052,0.05000709,0.0009716838,0.0034036476,0.00039076086,0.017091915,0.014493795,0.011247415,1.5493188e-06,0.0012684216
0.0003753339,4.4828244e-07,0.0037670836,0.0051087392,2.5675585e-05,0.0005708127,0.011701801,0.05270507,0.00059129385,0.000896033,0.0014164189,0.016366722,0.012351202,0.010843889,7.2906226e-07,5.085322e-09
0.00040624617,0.0003205142,0.0044504222,0.0012219496,2.5240399e-05,7.449092e-05,0.01458965,0.053694256,0.00030154455,0.002059014,0.00062791765,0.0017638594,0.015172219,0.012827682,4.7961945e-05,0.0012416724
0.000682644,0.00037918676,0.0040391777,0.0013302607,2.3894196e-05,4.522019e-07,0.017654015,0.05106888,0.0016582714,0.0029848777,0.0007064104,0.023974666,0.018449768,0.011510319,2.5894053e-05,0.0025192127
0.0015790233,0.0002980254,0.004105788,0.0072448906,2.4932064e-05,0.00067578116,0.011694993,0.05887221,0.0010317024,0.0004428205,0.0010328179,0.027542181,0.012257448,0.014362507,4.9235264e-06,1.0198462e-10
0.0010360135,0.0011944942,0.0038293474,0.0013787341,2.4477677e-05,0.0007756575,0.0100088045,0.06183596,2.01952e-05,0.0047588376,0.0013584621,0.009151942,0.010608678,0.010265235,6.0395854e-07,0.0083879875
0.00015385983,0.00060018635,0.0041700406,0.00051173015,2.205237e-05,0.00034332377,0.014069893,0.061048687,0.0010577382,0.011634287,0.0002715653,0.012353878,0.014683739,0.013401951,5.7359016e-06,0.00028454536
0.0007690316,0.00043848134,0.0044763936,0.0013197465,2.2659093e-05,5.4907614e-06,0.016148468,0.05832754,0.0010918318,0.003215227,0.00063801045,0.019788468,0.016947297,0.011894543,8.701915e-06,0.0009113744
0.002782895,0.0011926409,0.0044343965,0.010566556,2.3044237e-05,0.0015633686,0.010779241,0.06569852,0.001181703,0.0003489148,0.0007656064,0.01705914,0.011357864,0.01584919,4.8659986e-06,0.00089279073
0.00028886896,0.0005254335,0.004513061,0.0008180201,2.2367405e-05,0.00019609343,0.013092113,0.0644039,0.00038834097,0.005950272,0.0007290384,0.0012314691,0.0138257565,0.010471374,3.297816e-05,0.00171092
0.0009197644,0.0009342862,0.004897796,0.0018896016,2.164396e-05,9.165569e-07,0.020834563,0.06169966,0.0023865073,0.002128417,0.00016182086,0.02587642,0.021664133,0.016493138,7.851451e-06,0.0039569507
0.0013281136,0.0007793305,0.0043913485,0.0073560653,2.194135e-05,0.000961818,0.010901135,0.06929916,0.0013879209,0.0017015224,0.0011213457,0.033902675,0.011612336,0.012351344,7.0487556e-07,2.779018e-05
7.713189e-05,0.0108651575,0.004896078,0.005049287,2.362463e-05,6.910498e-05,0.019515522,0.07081152,2.5812906e-05,0.00037738754,0.00046666077,0.007225959,0.020336952,0.01996168,0.00043614363,0.011045587
5.0921185e-06,0.0014106943,0.0047607785,0.00028193722,1.9207151e-05,0.00028785274,0.014164239,0.0703997,0.0018100204,0.01158082,0.00033678065,0.002909234,0.01497878,0.011886613,2.2657147e-07,6.253154e-05
0.00037677758,0.0013165654,0.006123574,0.00101274,2.0162239e-05,7.1702843e-06,0.016619742,0.07109667,0.0017380591,0.0030167256,0.00022336595,0.019701373,0.017380368,0.014514169,0.000109509594,0.00077285455
0.00017297597,0.003313541,0.005214596,0.0009732015,2.122998e-05,1.2899656e-06,0.016105551,0.07498558,0.0004906104,0.004144077,0.00084448047,0.011934106,0.017010286,0.011858423,0.00024403959,0.00055841904
0.00014264694,0.0017222824,0.0065798187,0.0004432546,1.9813458e-05,5.410179e-05,0.017488616,0.07536001,0.00081834063,0.0017795096,0.00027128888,0.0030378127,0.01829599,0.016342048,0.00041901178,0.0015817388
0.00016439152,0.0012802861,0.006530075,0.0003448252,1.8070854e-05,1.4973751e-05,0.018024083,0.07377422,0.002725469,0.005074196,0.00037794875,0.024805095,0.018976286,0.012275497,9.588035e-05,0.0030988064
7.2629125e-05,0.0056873434,0.006401323,0.00042151456,2.0741505e-05,0.00042678072,0.022114614,0.080418766,0.00045848588,0.0028857356,0.0005435801,0.02534381,0.023059992,0.016125904,0.00068083487,4.4952167e-06
0.00031785946,0.0026159592,0.007123913,1.0350858e-06,1.8623641e-05,5.2643933e-05,0.013060283,0.086105764,7.5828226e-05,0.009286714,0.0009568067,0.008042377,0.013847071,0.010595023,0.00044608983,0.0065795127
1.0062026e-05,0.0014461878,0.00835487,1.7147659e-05,1.4585289e-05,1.8878932e-06,0.009688472,0.08392429,0.006171207,0.00088375015,0.00035135064,7.664217e-05,0.010304145,0.021276223,1.02196145e-05,0.008907611
7.0616974e-05,0.00055160146,0.008791566,9.3332405e-05,1.6642547e-05,1.2704221e-05,0.0141258305,0.08638287,0.0013260943,0.0042773476,0.00081046426,0.02498458,0.014945243,0.011737761,0.00019011757,0.00023284975
0.00043841146,0.0046439897,0.00847607,4.3320655e-05,1.8083332e-05,0.00019414851,0.020213312,0.09134369,0.00019984297,0.004078701,0.00053260004,0.0050641596,0.021091595,0.016229372,0.00093414553,0.001086859
1.09071925e-05,0.00062714046,0.009538117,9.2732506e-08,1.5560703e-05,0.0002397498,0.015404279,0.09029241,0.0008312423,0.0039180308,0.00062515377,0.0019369259,0.016262298,0.0128365345,0.0005706305,0.0013619212
2.8397744e-07,0.0006136248,0.0103088645,3.4790014e-06,1.4394277e-05,6.977551e-05,0.016179327,0.09210058,0.0028754794,0.0049706977,0.00027070017,0.018494794,0.016934684,0.014717521,0.00046041282,0.0019205131
5.880264e-06,0.00030556764,0.008611346,1.3121975e-06,1.5570544e-05,0.00015255545,0.014152536,0.09863771,0.0015083057,0.008120576,0.0012487089,0.016834734,0.015001315,0.010977913,0.0004997789,6.218227e-05
0.00024524034,0.00052965287,0.009944376,0.00017781081,1.5171611e-05,0.0002877476,0.015280734,0.10230871,0.0006320677,0.0057233428,0.00066734216,0.009832732,0.016024338,0.015876012,0.00093690405,0.0063260733
0.00013981748,0.0007924304,0.009929487,0.0002589372,1.2251872e-05,7.869392e-07,0.012438318,0.09601905,0.0076402635,0.00024935376,0.00086891465,0.0009274449,0.0132645685,0.020346852,0.00016526521,0.010973781
3.2605018e-05,0.00035422112,0.010341668,7.98961e-05,1.4313259e-05,0.00012163632,0.016293585,0.1052507,0.002176194,0.0065970127,0.000827965,0.02100354,0.017071942,0.014716088,0.00072423107,3.905088e-05
5.826429e-05,0.00029685354,0.009409555,0.00014763094,1.4622771e-05,0.00023252334,0.016663123,0.10749986,0.001436959,0.0063063577,0.0015093406,0.0029586593,0.017591774,0.013178416,0.0006562721,0.001236215
0.00010290427,0.00039172408,0.0111765005,0.00038085878,1.3358975e-05,0.00018182311,0.017299386,0.10867338,0.002168396,0.0061559025,0.0006241162,0.00017922997,0.018088141,0.016120577,0.00076440664,0.00019463383
1.0127931e-05,0.00021254893,0.010910933,0.0002704315,1.2956007e-05,0.00012063262,0.015694845,0.10977888,0.002778273,0.009698155,0.0011470919,0.019492023,0.016566671,0.012035932,0.00048303502,0.0002318458
2.1920608e-09,0.00021534051,0.009441197,0.00033844754,1.4499962e-05,0.00016147984,0.0213233,0.11478408,0.00220153,0.0044950363,0.0011088541,0.007222529,0.022279806,0.018290257,0.0009908872,0.00089597265
3.941526e-05,0.0001916435,0.009863005,0.00073864555,1.3924213e-05,0.00019706786,0.020496318,0.11427183,0.0013212247,0.0036008158,0.0013699308,0.0071936795,0.021529922,0.016012328,0.000977861,0.005021781
0.00016840264,0.00028742614,0.010559584,0.0016727704,1.1195044e-05,9.138997e-05,0.011995418,0.11868982,0.0069719534,0.0045185406,0.0008247412,0.00031296993,0.012673868,0.020120153,0.00019132163,0.0032383183
7.7908055e-07,0.00017271972,0.00907889,0.00056684087,1.3947331e-05,7.388512e-05,0.02152011,0.11862057,0.0027889165,0.0053480333,0.001462635,0.01082527,0.022599954,0.015672997,0.0005798992,0.00024512835
3.8858176e-05,0.0002121268,0.009118757,0.0012710203,1.3998589e-05,0.00019181681,0.021067884,0.12510099,0.0022057605,0.0064282,0.0009723695,0.00016817839,0.022001127,0.019243529,0.0007253415,0.0028688703
6.8952595e-06,0.00035713703,0.009199245,0.0009768163,1.3908325e-05,4.745566e-05,0.028460488,0.11770934,0.0028349182,0.0006671874,0.000922525,0.0010965499,0.029741697,0.021526856,0.0006483302,3.4356726e-05
2.5700981e-05,0.00032415046,0.009264108,0.0014965541,1.3275651e-05,9.411429e-05,0.02180533,0.12743346,0.0035640327,0.008592826,0.00062933285,0.01289577,0.022761747,0.018951403,0.00053788495,9.820164e-06
0.0001937791,0.00062387873,0.007817417,0.0036527738,1.35135015e-05,0.00023498748,0.01881061,0.13192323,0.0029207177,0.013388657,0.0012353606,0.005466931,0.019851808,0.013949652,0.0005123563,0.003180824
8.190569e-06,0.0007626612,0.008206224,0.0024336947,1.4229098e-05,4.497922e-05,0.02865164,0.12871984,0.0028175013,0.0026213333,0.00052775606,0.0007900966,0.02983068,0.02431271,0.0010229294,0.0025195568
6.949834e-06,0.0007189322,0.008101057,0.002185971,1.3398569e-05,6.1158156e-05,0.025847415,0.12843019,0.0039517106,0.007055608,0.00074371,0.002940205,0.027103154,0.017653143,0.00063399307,5.0304905e-05
1.7047596e-05,0.0013421568,0.007703685,0.004597628,1.4119869e-05,6.404509e-05,0.026455892,0.13483721,0.003531261,0.004107996,0.0006330226,0.005201627,0.027603853,0.022476396,0.0008108669,0.0028029257
2.960459e-07,0.00093563495,0.00715043,0.0025739446,1.4448324e-05,6.380681e-05,0.029662004,0.13316157,0.002951361,0.003402959,0.00093993347,1.9773781e-06,0.031069372,0.020656321,0.000829593,0.0032920751
1.0659403e-05,0.0010913453,0.0081625255,0.0033833648,1.3113803e-05,8.744928e-05,0.02530636,0.13771294,0.0043408717,0.006849194,0.00041708534,0.00027371524,0.026422242,0.022680126,0.0006808755,0.00021198794
1.2778762e-06,0.0009430371,0.0075416677,0.0023560212,1.3546575e-05,5.0523282e-05,0.027076764,0.13718776,0.0040781833,0.0070008617,0.00082207646,0.0069712396,0.028408665,0.018540641,0.0006427871,0.00041125438
2.6352003e-05,0.0011943788,0.007543003,0.0039066095,1.3324818e-05,0.00014315496,0.024159398,0.14468646,0.004058281,0.009017386,0.00057168317,0.0020765448,0.025266476,0.02047933,0.0008107589,0.0030626631
3.6397847e-05,0.0008643875,0.0076886783,0.0030947768,1.2801443e-05,0.00016966733,0.023372754,0.14366177,0.0038068038,0.012256604,0.000807727,0.00033121541,0.024584904,0.016571295,0.00060029846,0.0017507267
1.0370272e-06,0.0010896093,0.008008865,0.0030095836,1.30563185e-05,5.3811076e-05,0.02844229,0.14432909,0.0043771015,0.0061674966,0.00042004677,0.0037940936,0.029648598,0.023459202,0.0009237345,0.00033411154
1.8639736e-06,0.0009998411,0.007101232,0.0024269228,1.3616486e-05,4.3986194e-05,0.030860754,0.1436703,0.0042365026,0.004633735,0.0009210646,0.0041036876,0.032319695,0.020133885,0.0009970288,0.0015460852
9.170934e-05,0.001238268,0.0075745415,0.0032459146,1.3221386e-05,7.6040145e-05,0.029793013,0.14905061,0.003999387,0.005170777,0.00057774887,9.178927e-05,0.031044498,0.024528613,0.0010875717,0.002519186
0.0004365788,0.0009959774,0.007760185,0.0032582907,1.2095261e-05,0.00018085512,0.023457047,0.15189125,0.0043018283,0.015165553,0.000908247,0.0013700192,0.024657257,0.016524741,0.0005577959,0.0009868863
0.00060029514,0.0012894004,0.007901318,0.0034060243,1.2202026e-05,0.000111110625,0.024248848,0.15719497,0.004602631,0.014291943,0.00061091257,0.0032847761,0.025337167,0.020835904,0.00067668944,0.0013365572
0.00064803736,0.0013029239,0.0075564994,0.0032234138,1.2323668e-05,0.00011391391,0.025712894,0.15676162,0.0040134746,0.01204995,0.0009718176,0.0013207991,0.027000824,0.018247962,0.0006114806,0.0025563675
0.0013651885,0.001378296,0.008477101,0.0043649315,1.1245582e-05,0.00024885894,0.021438153,0.16378699,0.0046667927,0.021661397,0.00049395557,0.00057655753,0.022444006,0.01896448,0.0006599922,0.0015241355
0.0012064505,0.0013471051,0.007999725,0.003545609,1.1408384e-05,8.5674736e-05,0.024992183,0.16093208,0.0049664667,0.015898129,0.00079894724,0.0038821474,0.02624852,0.01712296,0.00060747174,0.0008090132
0.0019187027,0.0014181546,0.008053456,0.004466446,1.10891015e-05,0.00017080743,0.022748673,0.16862673,0.005221515,0.02272615,0.0005230943,0.0024757297,0.023801953,0.01914832,0.00075296056,0.0018749083
0.001470754,0.0014661944,0.0077174087,0.0035836333,1.1417776e-05,0.000106736436,0.02794469,0.1638633,0.0047507123,0.011811979,0.0007817584,0.001248373,0.029292965,0.018717622,0.00083280646,0.0017081302
0.001604311,0.0016750821,0.007996313,0.0035038744,1.1526515e-05,3.7083566e-05,0.031767245,0.16595194,0.005177547,0.006673054,0.00040418663,0.0022379253,0.033046495,0.025737358,0.000995983,0.00075896375
0.0021112214,0.0010454856,0.007699459,0.0035872282,1.0864973e-05,0.00024752927,0.024211308,0.17154112,0.004827653,0.019417541,0.0008014233,0.0037562845,0.02542413,0.016985143,0.0005225034,0.0017701809
0.00246377,0.0013699088,0.007678239,0.003562542,1.12955195e-05,9.908519e-05,0.029664366,0.1729664,0.0049671307,0.009892056,0.00038308962,0.00134939,0.030874535,0.024658814,0.00084630714,0.002129894
0.0027037289,0.001151767,0.007377634,0.003335529,1.108477e-05,2.9788433e-05,0.028950388,0.17253011,0.0052299043,0.012010437,0.0005703486,0.001954104,0.030278208,0.019545497,0.0005813512,0.001382262
0.0032181041,0.0012468066,0.0075138556,0.003563161,1.11228155e-05,2.4653073e-05,0.029697657,0.17725804,0.005514277,0.011456564,0.00025185896,0.0028341613,0.030886434,0.024492525,0.00071403815,0.0013508947
0.0030595171,0.0010710333,0.007113302,0.0032758454,1.1334073e-05,6.470121e-05,0.029757345,0.17580731,0.0048462367,0.0106996335,0.00043996223,0.0026295246,0.031103821,0.020611426,0.00054170773,0.0022117035
0.0037708709,0.0011474745,0.0075774984,0.0038958886,1.0792293e-05,0.000103707585,0.027958918,0.18344219,0.0049304417,0.014186607,0.0001392398,0.001394003,0.02909291,0.024405615,0.00055385596,0.0021438026
0.0027219406,0.0011333283,0.007825683,0.0029038042,1.2335958e-05,5.371056e-05,0.026556833,0.16258812,0.004240406,0.0048783603,0.00012808325,0.0030773364,0.027781341,0.020895235,0.00038970364,0.0014282035
0.0029941602,0.0012159729,0.007837689,0.0032091404,1.0587513e-05,5.259032e-05,0.028573664,0.18645538,0.005102649,0.011426471,4.1211824e-05,0.0026749854,0.029730268,0.024687534,0.00066645397,0.0021853042
0.0022475482,0.001174183,0.008613249,0.0026397675,1.37810775e-05,5.8645037e-07,0.021138174,0.14727494,0.0034720823,0.0015897851,5.8563674e-06,0.0024823656,0.022171043,0.020087287,0.00020865575,0.0020605642
0.002360725,0.0014354817,0.008267557,0.0030134364,1.0406229e-05,3.127167e-05,0.030511163,0.18927503,0.004220468,0.007990398,2.2160073e-08,0.0023610059,0.03171846,0.02764066,0.0006981442,0.0020262785
0.0016154664,0.0010789755,0.008608691,0.00257813,1.1263108e-05,4.9909147e-05,0.02318734,0.17249312,0.0037802395,0.007533357,1.5017804e-08,0.0037425032,0.02431706,0.019707195,0.00032806964,0.002193769
0.0012401649,0.0011624967,0.008536067,0.0024849365,9.986575e-06,4.0768587e-05,0.02943602,0.19278745,0.0043836655,0.0083457185,4.8333863e-05,0.0024414763,0.030622605,0.026392447,0.0008200069,0.0025654528
0.0004640641,0.000804892,0.009785683,0.00178713,1.4427351e-05,5.7941485e-05,0.015820455,0.13598444,0.0030604734,0.00026823842,0.00021809175,0.0030014042,0.016662968,0.018286284,0.00014229922,0.0017147559
0.00044032175,0.0007370046,0.008763578,0.0017356856,9.626198e-06,4.110724e-05,0.027923351,0.19576176,0.004540749,0.009057287,0.00014483291,0.0029601282,0.029058537,0.024941886,0.0009217309,0.0023124428
8.11412e-05,0.00046974322,0.010266944,0.0009885713,1.5213969e-05,4.946566e-06,0.012757883,0.12887537,0.0026774553,1.4103407e-05,0.0003908392,0.003619295,0.013483435,0.016870152,0.00014391851,0.0020090472
8.8287925e-05,0.0004622035,0.009080958,0.000847773,9.38111e-06,6.869137e-05,0.026320087,0.19978425,0.0041560302,0.009213371,0.0001835221,0.0025310917,0.027398236,0.024467867,0.00090092677,0.0030114308
1.1487549e-05,0.00021073663,0.010013767,0.00052332337,1.1486465e-05,3.0351259e-05,0.015444816,0.16585991,0.0031850862,0.005774248,0.00022091008,0.0037353744,0.016280394,0.016358797,0.00025254546,0.0027328036
3.57973e-05,0.00019225459,0.009322452,0.00016300661,9.297629e-06,3.017747e-05,0.027504181,0.20181136,0.003985678,0.006136006,0.00028885427,0.003309041,0.028593354,0.025830403,0.00092299347,0.0030682602
0.00010535906,2.3687277e-05,0.01095819,4.703981e-05,1.4034614e-05,2.069798e-05,0.010951963,0.13853882,0.0023002657,0.0003089402,0.0005931432,0.003686784,0.011590392,0.016136443,9.214781e-05,0.002765797
0.00023336028,2.2922484e-05,0.009710545,1.9814872e-06,8.9927125e-06,1.3765661e-05,0.027402991,0.20466554,0.00417473,0.0059017637,0.0003994612,0.003059659,0.028474467,0.025249029,0.001098604,0.0028729008
0.00019091477,1.1651157e-05,0.01118153,1.2919973e-06,1.2367101e-05,2.3504293e-05,0.011000397,0.15248694,0.0029436124,0.0029893343,0.0005399217,0.0041735824,0.011643367,0.014503879,0.00018514617,0.0026433794
0.0008036006,4.5813733e-05,0.010472204,0.00022806767,9.3080425e-06,8.279512e-06,0.026813455,0.19931877,0.0037712113,0.0027476898,0.00045491036,0.0033188886,0.027840683,0.02626819,0.0010432887,0.0030129815
0.000963401,0.0002180429,0.012723262,0.00023812824,1.4637782e-05,1.7435135e-06,0.008002603,0.12802958,0.0021640628,1.1871923e-05,0.000873428,0.0040103034,0.008502002,0.015241428,4.26708e-05,0.0022902654
0.0015813026,0.0002761247,0.011552807,0.00062271504,9.418222e-06,1.1175158e-05,0.024337122,0.19166988,0.003685655,0.002014228,0.0005857608,0.0035615726,0.0252816,0.025544353,0.0010410103,0.0024954018
0.0013391189,0.00053029915,0.01335341,0.00044727683,1.3994747e-05,6.1609007e-06,0.0071766325,0.12877382,0.0026360417,0.00016825106,0.00086779316,0.0044165216,0.007641681,0.013899771,7.853036e-05,0.0019513173
0.0018602518,0.0007131871,0.011925786,0.0008200329,8.727507e-06,3.7464935e-05,0.023775844,0.19686782,0.0041534603,0.0041570025,0.0004711582,0.0034858917,0.024696918,0.024349421,0.0011361217,0.0024619938
0.0008620129,0.00097170705,0.012782307,0.0002515119,1.0327552e-05,0.0001139699,0.01006545,0.1649347,0.0036532858,0.008677482,0.0003836609,0.0044222116,0.010652286,0.013549332,0.00019948618,0.0024678088
0.0019718555,0.001362777,0.012347903,0.0009923052,8.3786335e-06,9.321959e-06,0.023914475,0.20100899,0.004530127,0.006171476,0.00037892914,0.00385615,0.024809845,0.024588428,0.0009803042,0.002375698
0.0019218402,0.0019152742,0.014379824,0.0009659002,1.4274045e-05,2.5009222e-06,0.0062633576,0.123806104,0.0025628963,4.6365676e-05,0.0007746004,0.0045619803,0.0066610714,0.0146462275,1.1419317e-05,0.0018602081
0.0017626181,0.002105377,0.0122649195,0.0012204415,7.210459e-06,5.8360558e-05,0.025624428,0.21863422,0.0047958703,0.011190192,0.0002629841,0.0036117472,0.026562313,0.02467831,0.001124678,0.0026101882
0.002125591,0.0028398014,0.015203232,0.0014842985,1.5854444e-05,1.2764617e-06,0.004807084,0.10912166,0.0023288063,0.00069250294,0.0009575508,0.004401735,0.005130046,0.014665205,5.3170833e-08,0.0014202653
0.0019431217,0.0028518643,0.013735271,0.0017271687,8.571397e-06,1.3455611e-05,0.020814452,0.19421995,0.0045450153,0.0049847853,0.0003723065,0.003467897,0.021585125,0.02385663,0.00083460106,0.0021484084
0.001242706,0.0030567301,0.015786257,0.0011613225,1.3164034e-05,2.3164544e-05,0.005448679,0.12990302,0.0030645602,0.0010704716,0.00057973055,0.0040705893,0.0058025904,0.0135594355,1.6605534e-05,0.0016451867
0.0025143747,0.0039181802,0.015724817,0.0024774384,1.0921026e-05,2.6153139e-06,0.015643409,0.159985,0.0034239264,2.2140557e-06,0.0005711047,0.0034842237,0.01622989,0.024654448,0.00046903457,0.0016404251
0.0015391323,0.0040170136,0.016675944,0.0014866464,1.444346e-05,3.414812e-07,0.004338659,0.11635743,0.0028456948,2.3079707e-09,0.0006618887,0.0042091534,0.004629038,0.014174605,2.2527424e-06,0.0013445009
0.0016268016,0.0042360146,0.015351829,0.0017176005,8.783675e-06,2.5138426e-05,0.017478574,0.18508933,0.0047343303,0.0037672592,0.00032103196,0.0033758923,0.018122114,0.02284022,0.0006586282,0.001816988
0.001387317,0.004451152,0.01722103,0.0012454138,1.49527405e-05,4.2341557e-07,0.003365829,0.11129462,0.0033114792,3.1271668e-07,0.00061738084,0.0041358545,0.0036107013,0.012861222,9.773057e-07,0.0010509817
0.0015292149,0.004398659,0.016022677,0.0012386917,8.1700955e-06,2.0037342e-05,0.017169414,0.19441716,0.005325861,0.0067197415,0.00015081163,0.0035038271,0.017807305,0.02193697,0.00071582553,0.001872349
0.0022186858,0.0051011825,0.018580915,0.0013885649,1.7463628e-05,2.061725e-05,0.0021425085,0.09341157,0.0024748668,0.0031551544,0.0006423802,0.0042949547,0.0023203,0.014102545,7.757089e-05,0.00092525524
0.003129334,0.0069225486,0.017809706,0.0012978341,1.0443788e-05,4.2646177e-05,0.01233499,0.16279134,0.0040005366,4.805373e-05,0.00024370218,0.0037617735,0.012816792,0.023441732,0.00028920235,0.0022308028
0.0014940326,0.0043892553,0.018697591,0.00048798733,1.4013095e-05,4.2376923e-06,0.0028851659,0.119657554,0.0032054635,7.273888e-05,0.00030706511,0.004219035,0.0031069873,0.013125252,1.9500942e-05,0.0014652566
0.0023848377,0.005417467,0.017614327,0.00066719664,9.409996e-06,6.2570194e-05,0.012805,0.17668664,0.004471123,0.0013301258,0.00013966986,0.0035637924,0.013307027,0.022308508,0.00035250626,0.0023147764
0.0013602104,0.0042570475,0.018417172,0.00023470797,1.4086109e-05,3.5514158e-06,0.002471212,0.120873384,0.0036230432,0.00023069643,0.00024212059,0.004066179,0.0026735922,0.012208477,2.4778363e-05,0.0015346016
0.0015144127,0.0042785862,0.016655369,0.00030748986,8.386901e-06,4.2901902e-05,0.014382325,0.19703694,0.0052013947,0.005687811,3.228198e-05,0.0033729908,0.014929333,0.021575853,0.0003802867,0.0025024842
0.0018612493,0.0050137225,0.018022131,0.00037057305,1.6977974e-05,5.4652963e-07,0.0018124684,0.104099184,0.0027097883,0.0016384003,0.00031713248,0.0041564493,0.0019700984,0.013881674,0.00022356794,0.0015735545
0.0018609666,0.004841274,0.016525606,0.00041339904,1.0683315e-05,1.24956105e-05,0.011872977,0.1739772,0.004259777,0.00048655318,9.9475976e-05,0.0034560012,0.012323581,0.022768132,0.0001256464,0.002459531
0.0016638939,0.005074228,0.017378153,0.00027052563,1.8750814e-05,3.343024e-05,0.0013280615,0.09671373,0.0028939897,0.003412277,0.00041197208,0.0041808556,0.001454905,0.01336457,0.0003447069,0.0013919475
0.0010192451,0.004246792,0.015208759,0.00014533404,1.03204275e-05,5.8199475e-05,0.01201765,0.18409063,0.0051704003,0.0031204908,5.738951e-05,0.003486645,0.012474,0.021201141,0.00011399775,0.0027295826
0.0010940683,0.004881676,0.015963566,9.6627686e-05,1.9743758e-05,5.8968976e-06,0.0011397705,0.09540496,0.0033126902,0.0026544016,0.00036933145,0.0042916504,0.0012537786,0.012510981,0.00044392934,0.0014581147
0.001297512,0.0049618725,0.014441831,0.00014868002,1.3906648e-05,8.31935e-06,0.0094623715,0.1541785,0.004308997,0.0004286396,0.00012533212,0.0037718043,0.009820773,0.021984288,1.1305286e-05,0.0022597662
0.00043024783,0.0042312793,0.014066669,3.4031533e-08,1.710981e-05,5.939238e-06,0.0020942371,0.121905185,0.004030912,1.541483e-06,9.781043e-05,0.004594139,0.0022606023,0.011981797,0.000361276,0.0023227327
0.00039995633,0.0039717276,0.012232636,2.666846e-06,1.129941e-05,1.08095776e-07,0.012964441,0.19375135,0.005553829,0.0027746502,2.2410104e-06,0.0040511494,0.013426727,0.0215206,1.797808e-05,0.0034082497
0.00033274453,0.004061972,0.012646236,6.857279e-06,1.8951197e-05,5.5174155e-07,0.002080496,0.11739117,0.0034763755,0.00059175555,0.000110887384,0.00488919,0.0022393467,0.013086971,0.0006756758,0.0026816546
0.00020351066,0.0034979216,0.011005999,9.4506995e-06,1.20885325e-05,7.1889383e-07,0.0130433,0.19478562,0.00521284,0.0021725085,5.0777367e-06,0.0041635535,0.013502489,0.022161053,7.252249e-11,0.0038989147
8.6248365e-05,0.0034751806,0.011681151,7.115092e-05,1.9629239e-05,1.0189293e-05,0.0020061894,0.1191888,0.0035089625,0.00045565312,0.00013607192,0.0048861234,0.00216054,0.012725437,0.00080800353,0.0029250504
0.0001017779,0.003286416,0.010470093,3.173468e-05,1.3550322e-05,5.318664e-06,0.012046247,0.18505868,0.004506933,0.00048429967,3.199746e-05,0.0041006566,0.012468795,0.02296765,2.9349989e-05,0.00408636
1.1776208e-05,0.0033326587,0.010890484,0.00013570365,1.953951e-05,3.224034e-05,0.0022819808,0.12427938,0.003370786,0.00028848616,0.00017587283,0.0048539285,0.0024446994,0.013295681,0.0010622325,0.0033693465
3.771636e-07,0.0031189178,0.009278835,8.682501e-05,1.3350541e-05,6.563469e-06,0.012564487,0.19085407,0.0047486047,0.0011575514,7.746544e-05,0.0040042964,0.012994999,0.022589892,4.8792324e-05,0.0043556793
0.00010707231,0.0029976354,0.009593533,0.00027628418,1.880606e-05,1.756982e-05,0.0024355955,0.13258381,0.004070563,0.00018261484,0.00023390964,0.0046767374,0.0026065474,0.0116857225,0.0008918288,0.0035081683
5.5710283e-05,0.0029204665,0.0083556,8.6454405e-05,1.4983149e-05,2.5653862e-05,0.011312897,0.17827868,0.004714706,0.00020603533,0.00017846275,0.0039789225,0.011699311,0.02202013,0.00010670034,0.0039942246
0.00015868728,0.0029318675,0.008696403,0.00012965134,2.2204713e-05,5.3418284e-05,0.0017954056,0.11316418,0.003238722,0.0014106407,0.0004579774,0.0047533293,0.0019296192,0.012560792,0.0013912685,0.0031443962
0.0003332851,0.002495929,0.007451129,6.921255e-05,1.45818285e-05,5.4529653e-07,0.011956646,0.18715188,0.004739138,0.00109565,0.00018431751,0.0039990325,0.012361047,0.021724338,0.000110084344,0.004396702
0.0004659413,0.002515044,0.0079227695,5.443638e-05,2.318298e-05,9.1353504e-05,0.0016862443,0.10951289,0.0030526766,0.0022833478,0.0005924452,0.0047623664,0.0018115651,0.012730995,0.0016591535,0.0030965472
0.0007392669,0.001985555,0.006643677,5.1235846e-05,1.492043e-05,1.9888206e-07,0.011950143,0.1863884,0.0046098884,0.0009743844,0.00026389252,0.003976186,0.012348949,0.021961475,0.00019249474,0.004516918
0.0012383414,0.0018801072,0.00715535,0.00015934043,2.1155867e-05,0.00011218381,0.001982117,0.12407589,0.003912373,2.3346772e-06,0.0005609288,0.0045932825,0.0021252779,0.0109524345,0.0013558104,0.0033710178
0.0015174586,0.0014657722,0.0060152495,8.631425e-05,1.3818352e-05,1.838913e-06,0.012364507,0.19879225,0.00533197,0.004745229,0.00022809872,0.003751267,0.012785744,0.01993676,0.000102824546,0.0046526985
0.0018109627,0.0014797437,0.006692895,9.125668e-05,1.9205754e-05,6.2472165e-05,0.0024265437,0.13910156,0.003991076,0.0014105869,0.00040462293,0.0044819703,0.002591409,0.010675479,0.00129898,0.0040785563
0.0012521761,0.0013025,0.0062554544,2.8326788e-06,1.5532765e-05,2.5685875e-05,0.010467922,0.17953202,0.0045059086,0.0013857279,0.00038341284,0.0036534336,0.010823211,0.020941192,0.00030856146,0.004372599
0.001328295,0.0014134224,0.0069731805,2.5014879e-06,2.2692768e-05,5.390938e-06,0.001272203,0.11113911,0.0028417218,0.00053214136,0.00082519744,0.0042645866,0.0013788758,0.011385911,0.0018166952,0.0033855822
0.0012671684,0.0012264292,0.006547542,5.0371724e-05,1.6078242e-05,6.543684e-05,0.009079889,0.17037502,0.0037965172,0.00022087376,0.0005475499,0.0035686048,0.009396886,0.020591125,0.00029014135,0.0040615243
0.001264966,0.0013366422,0.0074662943,2.1644926e-06,2.2209935e-05,0.00019139439,0.0010600094,0.1108611,0.002864967,0.00058522285,0.00092533685,0.004187549,0.0011543172,0.011001735,0.0018665687,0.0031630609
0.00094552623,0.0013939496,0.0072852494,7.802805e-05,1.6937405e-05,3.6634126e-05,0.007460568,0.15615547,0.003262779,0.00013216093,0.00078691903,0.0034635528,0.0077268993,0.020564906,0.00039581748,0.0037165026
0.0012526012,0.0016105978,0.008276318,1.0236532e-05,2.2538245e-05,0.00016742328,0.0005684399,0.10256371,0.0027440104,0.001065415,0.001150217,0.0040493817,0.00063359033,0.009974826,0.001387421,0.0026195485
0.0013142502,0.0014561217,0.007641389,1.5571437e-05,1.3624116e-05,3.83895e-06,0.008313993,0.17973198,0.0040046205,0.002540252,0.0005214754,0.0034002196,0.008615417,0.01840014,0.00016612088,0.0040840358
0.0007277699,0.0018430955,0.008992024,9.23257e-05,2.4887473e-05,8.697281e-05,0.00020495361,0.084147416,0.0018563257,0.007965079,0.0014189841,0.0041487366,0.0002400009,0.011135857,0.0014240947,0.0021210345
0.0007628917,0.0014659228,0.008776282,7.343188e-05,1.630151e-05,0.0001731022,0.0056934226,0.14754228,0.0030430285,0.00040569852,0.0008733109,0.0036180473,0.005905904,0.019401053,0.00039901517,0.003090487
0.0013608171,0.0013834811,0.009485938,4.0301064e-05,1.7980603e-05,6.64588e-06,0.0006052787,0.1219807,0.0029829633,0.0005376306,0.00081466686,0.004295736,0.0006764538,0.008882278,0.00114813,0.0031260638
0.00074984826,0.0014161104,0.009572143,3.5548456e-07,1.4635127e-05,0.00010831249,0.005667143,0.1571599,0.0031880338,1.7049071e-05,0.00075422396,0.003744334,0.005883773,0.018533448,0.00029725686,0.0032293021
0.00038571082,0.0018426963,0.010882735,8.651307e-06,2.5466297e-05,0.00021701612,4.5831102e-06,0.07307339,0.0014612802,0.014312387,0.0017263427,0.004449619,1.01239475e-05,0.011025642,0.001123578,0.0015302872
0.0007111606,0.0015718148,0.010874417,3.514271e-05,1.3146125e-05,1.5704374e-05,0.005402273,0.16501938,0.003130938,0.00054016546,0.00069175655,0.0038511548,0.005615257,0.017841976,0.00021183316,0.0033539266
0.000747622,0.00182161,0.012281996,0.00012904937,1.9481888e-05,5.8654165e-05,6.198505e-05,0.10045108,0.0020780037,0.0010447688,0.0011626349,0.004558044,8.193076e-05,0.009330508,0.0008961733,0.0022662906
0.0005619739,0.0016923811,0.012437706,0.00011922401,1.3406387e-05,6.9932707e-06,0.004137664,0.15411288,0.0026929479,1.2547363e-06,0.0008174159,0.0039029873,0.0043111183,0.017725537,0.00024177541,0.0029795037
0.00036974737,0.001888511,0.014080132,0.00014605277,2.2010005e-05,0.00014864803,4.3446285e-05,0.07969813,0.0015815682,0.007461526,0.001571882,0.0045967004,3.0980365e-05,0.009442515,0.00063386024,0.0014270324
0.00030425517,0.0015014441,0.014345222,0.00023007128,1.3069833e-05,9.983715e-06,0.0030610042,0.14869873,0.0025660868,1.8712608e-05,0.00082370936,0.0040201154,0.003205872,0.016792133,0.00018873216,0.0025777123
0.00020621419,0.001409253,0.015735792,0.000426697,1.8276845e-05,2.4789397e-05,3.3109132e-05,0.095796324,0.0017025011,0.0015984714,0.0011146951,0.0048891488,2.124992e-05,0.008815549,0.00054833834,0.0018901898
1.7591814e-05,0.0011473775,0.016205281,0.00032201418,1.327885e-05,4.8488553e-05,0.0022726739,0.14084633,0.0020081282,0.0008400245,0.00087811204,0.0043573594,0.0023934674,0.017709855,0.0002909096,0.00240135
3.8121366e-06,0.0010310984,0.01746066,0.0007152149,1.9553714e-05,1.3119715e-05,0.0002544318,0.08320299,0.0013772915,0.0055124317,0.0013897468,0.0050394908,0.00022026827,0.008933823,0.00035893093,0.0013480328
3.381907e-05,0.0006163816,0.017875932,0.0006467316,1.4042095e-05,9.0640504e-05,0.001223225,0.12715785,0.0020500985,0.001783983,0.0010306133,0.004448172,0.0013102664,0.016634652,0.00011918647,0.0017984073
0.00010917147,0.0005626778,0.018996654,0.00083834963,2.2107692e-05,0.000281495,0.0007498205,0.0670106,0.0011198203,0.014200739,0.0016369577,0.0051509347,0.00069455296,0.009449426,0.0003094101,0.000772124
8.976871e-05,0.00031040233,0.019292295,0.0011381713,1.1312772e-05,4.4862572e-05,0.0016462071,0.15132308,0.0018701934,3.7303125e-05,0.00066286203,0.0046244888,0.0017602815,0.016941732,0.00013645903,0.0024353247
3.234534e-05,0.00030093006,0.020226331,0.0015969728,1.4934376e-05,2.879822e-06,0.00029745357,0.107487254,0.0017143363,1.763534e-05,0.00085149443,0.0053008874,0.0002535977,0.007816147,0.00022948919,0.0018874465
0.00086242944,0.00013969874,0.020400243,0.000706408,1.5298643e-05,0.00010993884,0.00046030636,0.11249683,0.0011911963,0.009184125,0.0011961109,0.004637923,0.00051280396,0.018001644,6.819092e-05,0.0013850622
0.00082919,8.001708e-05,0.020568658,0.0010484885,1.9947081e-05,0.00016381046,0.0009238072,0.07588298,0.00096536306,0.010226953,0.0014121062,0.0054103546,0.0008540165,0.009519801,0.000253746,0.0009420526
0.0010221434,4.479073e-06,0.020652363,0.00094267103,1.22044585e-05,5.0375107e-05,0.00086152647,0.1407951,0.0015413499,0.0009545007,0.00082438433,0.004831182,0.0009453118,0.017510077,9.780481e-05,0.0020881589
0.0015665282,9.896301e-09,0.020619227,0.00063021464,2.291629e-05,0.0002742954,0.0015387629,0.06211858,0.0007533305,0.020577002,0.0018704229,0.0053945826,0.0014522326,0.0097980425,0.00017605037,0.0005105685
0.0017562526,3.7160557e-05,0.020888127,0.00041527112,1.4607691e-05,0.00014408786,0.00025028267,0.1199784,0.0013519004,0.004816221,0.00111644,0.0047603594,0.0002931823,0.016813735,2.2165856e-05,0.0014188415
0.0015621763,5.549161e-05,0.0207694,0.0004512944,1.987758e-05,4.9462953e-05,0.0013695117,0.07874262,0.0009832758,0.007052905,0.0013017881,0.005369422,0.0012776386,0.008762496,0.00014116117,0.0009498658
0.002062077,0.00024764557,0.02090562,9.58751e-05,1.40261645e-05,3.5123987e-05,0.00024546302,0.12778048,0.0012400094,0.0027140873,0.00086059683,0.004711637,0.00029028693,0.017083088,3.7968388e-05,0.0017381324
0.002454588,0.00041354206,0.020431379,2.7525348e-05,2.253245e-05,0.00011675728,0.0018713844,0.067232035,0.00072838267,0.014616126,0.0014567198,0.0052146134,0.0017668697,0.00947783,0.0001545548,0.00063501345
0.0023541816,0.00078696664,0.020328369,1.394003e-05,1.3015171e-05,0.00018648364,0.0003027775,0.13931379,0.0016302797,0.00033070144,0.0006616135,0.0046503204,0.00035646826,0.01632382,4.022228e-05,0.0018542127
0.0021569286,0.0007920144,0.02012005,3.3023447e-05,1.8205956e-05,9.700186e-05,0.00121515,0.09387157,0.0012239172,0.0013271016,0.0008726012,0.005337203,0.0011174082,0.008500905,0.00018890073,0.0012744704
0.00375356,0.0012620358,0.019673163,3.581121e-05,1.4448407e-05,0.0001336231,0.00024095294,0.1315048,0.001226354,0.00208191,0.0007395295,0.0047881175,0.00028859347,0.018073827,9.8741904e-05,0.0017975909
0.00470825,0.0012594411,0.018841572,8.689056e-05,2.4383779e-05,0.0002312635,0.0018504956,0.065025724,0.00064641936,0.018226236,0.0015353324,0.0053509283,0.0017423818,0.010591099,0.0002703626,0.0005513523
0.003995385,0.0012405342,0.019059535,7.061046e-05,1.4107419e-05,5.2470223e-05,0.00033430112,0.13967541,0.0013095589,0.0008219731,0.00074050965,0.004863293,0.00039162498,0.018238168,0.00013629826,0.0020770882
0.0040421025,0.00091757847,0.018817723,5.710967e-05,2.2484963e-05,0.00023192386,0.0016264555,0.07708353,0.0008796759,0.008691279,0.0014142472,0.0054325173,0.0015223977,0.009911946,0.00030567488,0.00087931
0.0045913355,0.00087013794,0.01877621,0.0001757693,1.6255995e-05,0.00024008956,0.00013344815,0.12462805,0.0012346086,0.0038818058,0.0010809519,0.0047807046,0.00016674527,0.018331097,0.00011397815,0.0016549077
0.0047155246,0.0004788766,0.017928824,0.00017161698,2.5108186e-05,0.00059620943,0.0018896586,0.06724236,0.0008083454,0.016228538,0.001797275,0.0053684525,0.0017888803,0.010418219,0.00034313285,0.00064255926
0.0044784835,0.00028139103,0.017778777,0.00021311239,1.6566384e-05,0.00017037925,0.00017127983,0.12646988,0.001308554,0.0036938738,0.0011792014,0.0048258808,0.00020667579,0.018551936,0.00016541898,0.0018809757
0.0045437054,8.9699824e-05,0.01658056,0.00018422447,2.6159863e-05,0.00053120404,0.0018424022,0.06594685,0.0009309406,0.01722563,0.0020200263,0.0054533347,0.0017497293,0.010198164,0.00032366216,0.00063893216
0.004905416,4.7751757e-05,0.016495615,0.0003499867,1.9993879e-05,0.0003649083,6.128967e-05,0.10841842,0.001046357,0.012348923,0.0015659786,0.004984045,7.997017e-05,0.019148218,0.00013345695,0.0013572794
0.0031176282,2.189271e-09,0.015807353,4.7154754e-05,2.4103945e-05,0.00012309742,0.001420728,0.079963446,0.0011930073,0.007359706,0.0015969907,0.0057206554,0.0013373048,0.009410536,0.00034778897,0.0011315572
0.0040681176,9.99012e-06,0.015657859,0.00016512368,1.9550977e-05,0.00021293841,0.00014348034,0.11615946,0.0012655532,0.008537432,0.0013543187,0.005183403,0.00017076693,0.019032078,0.00020567329,0.0017382691
0.0035803718,0.00016273353,0.01481006,4.6624165e-05,2.696179e-05,0.00065797573,0.0014365524,0.070465475,0.0011336494,0.015167535,0.0018377398,0.0059083225,0.0013643771,0.010385826,0.0004965528,0.00089285104
0.0036678875,0.00036003778,0.014697654,2.3914845e-06,1.8113189e-05,0.00012273925,0.0003756111,0.13028313,0.0017850152,0.0031085557,0.0011659389,0.005301174,0.00041962968,0.01814213,0.00021242992,0.0021807759
0.003656958,0.000794588,0.0142,6.75726e-05,2.534987e-05,0.0003140929,0.0010138632,0.08065477,0.0015267312,0.008044633,0.0015813548,0.0060475785,0.0009519501,0.009830793,0.00048496167,0.0012568681
0.003904961,0.0011012565,0.013981712,0.00014907784,1.7134475e-05,0.00011997624,0.00079127983,0.14238432,0.0020324972,0.0012785421,0.0009724504,0.005561174,0.0008552886,0.018808788,0.00035241744,0.0026875655
0.003928791,0.0018207375,0.01353194,0.00040535405,2.5366415e-05,0.00019502985,0.00068480417,0.083288155,0.0015106434,0.00838437,0.0016081195,0.0063313083,0.00063605024,0.0106153395,0.00062793255,0.0014566766
0.005642106,0.0023303197,0.013162166,0.00048168242,2.0657639e-05,0.00015380069,0.0006238251,0.1191256,0.0016530824,0.009681058,0.0014701843,0.005706689,0.00067283417,0.020521183,0.0003639901,0.0019637065
0.003777517,0.003113017,0.012805957,0.0013558349,2.3703271e-05,3.7034944e-05,0.00030012202,0.09452176,0.0017762273,0.0041349805,0.001490214,0.006581685,0.00026682284,0.0107873,0.0007504093,0.001927533
0.0045131813,0.0036876907,0.012348963,0.001382025,1.6500886e-05,0.00015327483,0.0017760866,0.15412961,0.0025565906,0.00033120456,0.0010944025,0.006003301,0.0018705543,0.019732866,0.0004754113,0.002985718
0.005112677,0.0048936214,0.012052136,0.001614643,2.646594e-05,0.00014585906,0.0003483294,0.08178568,0.0015762771,0.010314966,0.0020338343,0.006668293,0.00031603323,0.01126738,0.0006572543,0.0013971359
0.0047109253,0.005262856,0.012001424,0.0016861954,1.6598711e-05,5.9715236e-05,0.0018220578,0.1541145,0.0025859745,0.00013897827,0.0011806551,0.0060415454,0.0019160908,0.018866388,0.0003075708,0.0029115493
0.004570648,0.006249365,0.012134016,0.0019976473,2.40493e-05,0.000113996626,0.00019325258,0.09428401,0.001810657,0.0037099612,0.001673898,0.0068769744,0.00016846917,0.010474756,0.00057609123,0.0017993451
0.0055538155,0.0065903096,0.011961352,0.0016851014,1.7482338e-05,0.0001324187,0.0016426927,0.14543372,0.0022362904,0.0009918058,0.001217319,0.0062477347,0.0017257818,0.019310901,0.0002869972,0.0026407903
0.0064032213,0.007622314,0.011666146,0.0015483641,2.7317157e-05,0.00041240104,0.0003400383,0.076913305,0.0013096408,0.013407672,0.0019880577,0.007120261,0.00031150595,0.011459425,0.0005725227,0.001175284
0.007096843,0.0074035376,0.011712158,0.0011644851,1.9243924e-05,0.00022983717,0.0013741875,0.13164422,0.0015746021,0.005103143,0.001356782,0.0066486727,0.0014424049,0.020915953,0.0003639361,0.0023468588
0.0060944385,0.007208611,0.0116873495,0.001297205,2.4366573e-05,0.00016453445,0.00017909435,0.09106562,0.0013234778,0.0056506516,0.0016244092,0.007564792,0.00015663737,0.011180379,0.00062543113,0.0017525826
0.0063993298,0.006146303,0.011709165,0.0007656023,1.7830518e-05,8.656418e-05,0.0014153905,0.13692638,0.002824181,0.00068121206,0.0012839847,0.006562154,0.0014885268,0.019110769,0.00034163712,0.0022936782
0.0070516635,0.0065348875,0.011878212,0.0006964723,2.4810974e-05,0.00015462673,0.0002697517,0.08460384,0.0018805544,0.0051702373,0.0017814763,0.0074056135,0.00024263792,0.010873609,0.00067521515,0.0013456682
0.010221529,0.006758105,0.012083355,0.00027746442,1.9412471e-05,0.00024712807,0.0011073888,0.124640636,0.0014351656,0.0062248493,0.0015490396,0.0068003866,0.0011677376,0.02099252,0.00035353174,0.0019707677
0.009677399,0.006480004,0.0120495185,0.00029222068,2.5886593e-05,0.00032375567,0.0004016078,0.07797219,0.0010711113,0.010865418,0.0020590276,0.007582636,0.00036953192,0.011604761,0.0006438803,0.0011898164
0.009750903,0.005353913,0.012213433,0.00016179585,1.639985e-05,0.00012441828,0.001381635,0.14426748,0.0016302268,0.00059929304,0.0013078845,0.0069163064,0.0014596925,0.019517172,0.0003116726,0.0025512408
0.010629303,0.0049588648,0.01242108,7.376477e-05,2.6155e-05,0.00035677894,0.0007014629,0.07365727,0.0009176218,0.011542699,0.0022458856,0.00756022,0.0006582479,0.010670358,0.00043047196,0.0009508801
0.008864404,0.0034077382,0.012575807,2.265502e-05,1.5431619e-05,0.00010551452,0.0010923932,0.14776722,0.0016025251,4.602538e-05,0.0011880591,0.0069105774,0.0011647699,0.018161634,0.0002322987,0.0025853077
0.010910423,0.0031304876,0.012484094,4.9358212e-05,2.7115218e-05,0.00032939337,0.0010234434,0.06729523,0.00052936753,0.017217448,0.002316773,0.0075899456,0.0009733242,0.011235047,0.000534817,0.00086948747
0.010740352,0.002066109,0.012711849,0.00021355988,1.7681032e-05,9.8741366e-05,0.0005285149,0.12695576,0.0009672418,0.0030894831,0.0015305543,0.0068255267,0.00057490706,0.019152325,0.00024338294,0.002040195
0.012267296,0.0015586939,0.012440418,0.0006834354,2.80422e-05,0.00064066146,0.0014093604,0.061535917,0.00051740883,0.019030763,0.0025198187,0.007425087,0.0013491448,0.01060989,0.00040236328,0.00053896924
0.010955669,0.00087587035,0.012614686,0.0010734067,1.6882506e-05,0.000118761076,0.0004294594,0.13003047,0.0011132956,0.001010143,0.0013812184,0.0067612682,0.00047499235,0.017774692,0.00015809806,0.001846357
0.012630584,0.00059532054,0.01209801,0.0020194477,2.7666321e-05,0.0004914907,0.0016001639,0.06125976,0.00052039593,0.015986484,0.0022917974,0.007412704,0.0015311454,0.009943749,0.00032282897,0.0004424255
0.0117831435,0.00017206234,0.012537176,0.0027194745,1.8511184e-05,0.00030050628,0.0001830436,0.11685803,0.00080918614,0.0035328534,0.0013902257,0.0068151304,0.00021195321,0.018099422,0.0001528883,0.0013984507
0.01242666,6.28931e-05,0.012068133,0.003622236,2.7978098e-05,0.001043359,0.0017062414,0.059958227,0.00037842343,0.017662663,0.002099296,0.007550418,0.0016346965,0.010478084,0.00042870388,0.0003820427
0.012477223,5.199745e-06,0.012325539,0.0044507245,1.943556e-05,0.00048617725,0.00012909541,0.11041763,0.00047659152,0.0069797123,0.0014390057,0.0069225836,0.00015300635,0.019717706,0.000261252,0.0012894946
0.010239483,3.940104e-05,0.01174703,0.0042393235,2.4886023e-05,0.0005672269,0.0013527991,0.0731381,0.00039241332,0.0076960595,0.0017912762,0.0075699873,0.0012807468,0.010151673,0.0005133153,0.0007462357
0.011549808,0.00017664913,0.011926047,0.0063288705,2.0332862e-05,0.0007673894,6.293281e-05,0.10498774,0.00036219668,0.009032176,0.0016699303,0.00672895,7.9327576e-05,0.019787077,0.00026806985,0.0011289221
0.009323477,0.0002296041,0.011566431,0.006195089,2.6491847e-05,0.0007369529,0.0016710107,0.06642878,0.00026034712,0.011427732,0.0021098289,0.0072296686,0.0015950941,0.0102497535,0.00048698837,0.00055061077
0.00791737,0.000370674,0.012117463,0.0065607345,1.7902432e-05,0.00064536504,0.00010252491,0.12054468,0.00056163064,0.0016738237,0.0014370166,0.0064261165,0.0001250067,0.01781558,0.00019773946,0.0014311469
0.0068122866,0.00037071304,0.011907424,0.0072648223,2.6458087e-05,0.00055778376,0.0019955141,0.06514698,0.00020375731,0.0109409755,0.002142045,0.006892484,0.001916049,0.009730422,0.0003991844,0.00051083387
0.0073472443,0.0015715383,0.0024102463,0.014340025,1.9079556e-05,0.0005510165,0.0029405735,0.101374626,0.0056547117,0.0051438017,0.0020058036,0.0053976215,0.0030586633,0.013094497,0.00019470364,0.0008523852
0.0035986057,0.0015137679,0.002335813,0.012236473,4.2853542e-05,0.001207315,0.00011876367,0.07578272,0.005880161,0.0015652499,0.0012330823,0.0060192905,0.0001427103,0.004469081,0.00040398265,0.00072893297
0.0024859898,0.00096954923,0.0023098553,0.02154012,3.5132874e-05,0.00049811066,0.0069262735,0.1573691,0.004444126,0.00029513895,3.7468405e-06,0.0061746137,0.0071325186,0.022619657,0.0024187127,0.0044005606
0.0008134577,0.0006686015,0.0021452627,0.018976122,3.7787027e-05,0.00045877052,0.003400456,0.14646429,0.0023581742,2.8450493e-05,5.094869e-05,0.007398844,0.0035366311,0.019109027,0.0079338765,0.0074098255
0.0002551644,0.00031826235,0.0022978508,0.030763723,2.8980327e-05,0.0001938737,0.011976546,0.20691115,0.0033879757,9.991519e-05,5.7769204e-05,0.0064921174,0.012271126,0.034057748,0.006237632,0.008457625
9.203956e-05,0.00017086352,0.0017141587,0.030721566,4.1411615e-05,0.00012627341,0.0014192098,0.11212685,0.0015005089,0.008929811,0.000101453144,0.0070189172,0.001486444,0.018713463,0.0066739195,0.0057068327
1.4826731e-05,6.5190204e-07,0.0019219395,0.04241497,2.6964262e-05,3.3536813e-05,0.010915479,0.20114036,0.00240721,0.00037808492,6.2057336e-07,0.006577363,0.011172518,0.036384296,0.0070436723,0.009081548
0.00032116869,9.648478e-05,0.0013500601,0.038201403,3.4264696e-05,3.7194718e-07,0.0017779912,0.13086013,0.0014903625,0.0037507997,0.0002689432,0.00735214,0.001853738,0.019490225,0.0074988836,0.007124532
0.0012602599,0.00050978764,0.0014606126,0.048953988,2.4499761e-05,0.00041613882,0.008925993,0.19292009,0.0026846926,0.00040188496,0.00023296573,0.0065526743,0.009135351,0.03195633,0.0052081225,0.00801198
0.0025267124,0.0011116097,0.00097478635,0.0438976,3.2618238e-05,7.9162026e-05,0.00094326044,0.11888991,0.0015604853,0.0066662584,0.00080119714,0.0073562493,0.0009864557,0.017253174,0.0059797666,0.006141442
0.0048356573,0.0021664952,0.0012278073,0.051640764,2.0060581e-05,0.000905186,0.009948275,0.20976616,0.0030743347,9.861466e-05,0.00038131318,0.0065807756,0.010162186,0.031752896,0.005114697,0.008592374
0.0065261787,0.0030020247,0.00074009853,0.044508863,2.6075115e-05,0.0005416224,0.001307752,0.13988586,0.0022940922,0.00042247697,0.000997464,0.00721105,0.0013606808,0.0154763255,0.0051425654,0.0068265954
0.007468733,0.0047775526,0.0008621564,0.055542555,1.9411626e-05,0.001484868,0.007844096,0.19112438,0.0031125913,0.00012866234,0.0008692467,0.006178736,0.007995801,0.02866502,0.0036257633,0.0072861803
0.008887084,0.005723776,0.00056081446,0.044677474,2.4428555e-05,0.0009462962,0.001014053,0.13327836,0.002429275,0.00048032813,0.001331201,0.0067272387,0.0010497685,0.01400589,0.004133761,0.006154846
0.0094967615,0.0077090436,0.00066650094,0.05551876,1.8815706e-05,0.0012301893,0.006850072,0.1785362,0.0031454458,0.0006311322,0.001127859,0.005789467,0.0069576898,0.027044304,0.002940939,0.0063350555
0.008922819,0.008381854,0.00034297706,0.047562778,2.8263425e-05,0.0006080373,0.00023013366,0.097850844,0.0014901048,0.011570842,0.002062177,0.0063815857,0.00023546284,0.0139179,0.0034641966,0.0042847926
0.008935943,0.009695308,0.000444895,0.054491162,1.8979394e-05,0.0014761691,0.005845649,0.16302957,0.0024523619,0.0025326333,0.0012955687,0.005629559,0.0059118234,0.026676364,0.0026425584,0.005664092
0.008165091,0.0093067195,0.00023364626,0.04312261,2.660783e-05,0.0005480403,0.00021811684,0.09647005,0.0013664386,0.009323062,0.0020462787,0.006271578,0.0002197378,0.013104327,0.0031440554,0.0039876876
0.007797904,0.009984615,0.00039564096,0.050135918,1.8004997e-05,0.0011294528,0.0058222306,0.15927497,0.0021776569,0.0022148076,0.0013263905,0.0056185,0.0058688866,0.026044339,0.0025421067,0.005294757
0.007692039,0.00815832,0.00029090268,0.032865882,2.1565265e-05,0.0007398699,0.0007873279,0.11953299,0.0017052222,0.00020984463,0.0016024882,0.006294672,0.00079455273,0.011885363,0.0032641888,0.004854082
0.0065171993,0.00796902,0.00047278396,0.036284786,1.52127595e-05,0.00064469595,0.0075413673,0.17769551,0.0025435938,0.0005365697,0.0012167431,0.0055449707,0.0075998777,0.023404796,0.0024642881,0.0054596397
0.0035376786,0.0066021746,0.00016798676,0.025934922,2.9045581e-05,1.1240409e-05,4.219043e-05,0.07310726,0.00042165408,0.0147279035,0.0030255876,0.0062023723,3.7871727e-05,0.011165155,0.0029577033,0.0025697052
0.0023140798,0.0065415627,0.00025291476,0.02847503,2.0429397e-05,0.0001414953,0.0041667847,0.12687129,0.000932316,0.004256844,0.0022379833,0.0056192507,0.0041506947,0.021638459,0.0021568744,0.0033647881
0.0012564054,0.005099486,0.00019821753,0.017701786,2.6892836e-05,0.00040840547,0.000119866585,0.07832123,0.0004825593,0.004969706,0.0029368591,0.006303102,0.000111782654,0.009267026,0.0028229696,0.0024597645
0.00060681504,0.0046883165,0.00039798953,0.017480938,1.8484376e-05,9.115479e-05,0.0052637965,0.13628492,0.0010204557,2.0995689e-08,0.002115881,0.005567923,0.005246271,0.018491982,0.0020305999,0.0034730446
0.0001594902,0.0034113682,0.00029871316,0.009482594,2.7536791e-05,0.0012632156,0.000115936906,0.07285989,0.00039847245,0.0019582165,0.003159331,0.0061723376,0.000105536565,0.00709053,0.0024127753,0.001897959
2.2528098e-05,0.0028631298,0.0004919031,0.009758708,2.221098e-05,0.0009599205,0.003914174,0.10816426,0.00045474258,0.0010610654,0.0026415975,0.005431973,0.003863156,0.016209519,0.0018447944,0.0023079105
0.0004724341,0.002769375,0.00045951383,0.009840808,3.168104e-05,0.0014022938,5.752187e-06,0.054983202,9.671442e-05,0.011888388,0.0034901458,0.006223128,2.970754e-06,0.007745516,0.0025100184,0.0013294781
0.0012109566,0.0020506436,0.0007924204,0.009129643,2.1051514e-05,0.0012633892,0.0045385477,0.115341336,0.00067452044,2.3312808e-05,0.0021751986,0.0055199484,0.0044925753,0.015563965,0.0017805091,0.0023330655
0.0021606896,0.0018027424,0.00076372497,0.00789421,2.7653783e-05,0.0011251662,0.0001636259,0.07131117,0.0003512099,0.0015896806,0.0024926767,0.006383433,0.00015091962,0.0068734754,0.00244402,0.0018019832
0.005160333,0.0013071571,0.0010897904,0.010856772,2.4789282e-05,0.0012705602,0.0034107382,0.093538955,0.00019022853,0.0059067374,0.0022992354,0.005754897,0.0033508241,0.017548019,0.0020725338,0.0018744774
0.005282061,0.0008973734,0.0011930773,0.009193506,2.9870916e-05,0.0022982908,0.00012149306,0.06360752,0.00017466157,0.005255782,0.0024417075,0.006640792,0.00010870986,0.007672537,0.0027814573,0.0014851047
0.006465462,0.00035539886,0.0017616522,0.009325791,2.15442e-05,0.0012307413,0.005059728,0.11559224,0.0004646286,4.0536008e-05,0.0015977995,0.0059271953,0.0050117043,0.016622446,0.0021306318,0.0023224195
0.007829248,0.00016854498,0.00170196,0.009322096,2.9511728e-05,0.0016301811,0.0002006586,0.06684714,0.000105343155,0.0039882525,0.0020865821,0.006872408,0.00018486576,0.0079630595,0.0030476889,0.0016527867
0.008795568,1.3420651e-05,0.0024253987,0.00971663,2.052639e-05,0.0014877083,0.0062053767,0.12566201,0.00041083142,0.00023163347,0.0012847142,0.0061798324,0.006159729,0.017843086,0.00268688,0.0026405056
0.009396505,9.782782e-07,0.0022568516,0.009348322,2.9677625e-05,0.0022141791,0.00023165344,0.06706195,7.383492e-05,0.0038606967,0.0020957664,0.007043877,0.00021327601,0.008039689,0.0032210632,0.0015698257
0.011406461,7.3562696e-05,0.0028549454,0.010647673,2.5097575e-05,0.001506791,0.003985648,0.0969164,6.0039936e-05,0.004518605,0.001841159,0.0063425344,0.0039129136,0.01838256,0.0026359053,0.0018656852
0.008856717,9.982941e-05,0.0029748303,0.00798228,2.9317454e-05,0.0020084328,0.00029013664,0.06986469,7.021834e-05,0.0025962598,0.0019585013,0.007280051,0.00026760035,0.0077696675,0.0034350115,0.0016939777
0.010937671,0.00023855336,0.0033809366,0.009527141,2.6232798e-05,0.0020218056,0.003555194,0.092101865,3.9279166e-05,0.0059006466,0.0018978487,0.006532551,0.0034701368,0.017709939,0.0025807023,0.0016502724
0.008414906,0.00016383182,0.00329636,0.007812822,3.1527856e-05,0.0022291113,8.765006e-05,0.060584754,3.0996292e-05,0.005620743,0.0020626655,0.0074038287,7.2136216e-05,0.007023494,0.0030442085,0.0012731196
0.007855555,0.00017502412,0.0039094766,0.008480274,2.4039033e-05,0.0016784918,0.0042314953,0.10276864,0.0002183035,0.000899394,0.0013849703,0.0066191657,0.0041334475,0.016125353,0.0025236278,0.0018146666
0.007616067,8.02636e-05,0.0035869945,0.008891113,3.5986675e-05,0.0025622868,3.6461688e-06,0.0438113,7.722549e-06,0.020889368,0.0022665404,0.007528712,9.695789e-06,0.0074614924,0.0031548252,0.00077405805
0.0042391215,0.00011852995,0.004675392,0.0068056174,2.058095e-05,0.0011762201,0.005847636,0.12538984,0.00031202796,0.00097468216,0.0007939597,0.006805391,0.0057348562,0.015531401,0.0025624353,0.0024241514
0.0040130364,3.9442955e-05,0.0038922406,0.0073926626,3.199046e-05,0.0021367131,2.893451e-05,0.0570157,2.9413556e-07,0.007742489,0.0015567238,0.0077553024,1.7067288e-05,0.00694697,0.0033269217,0.0012800621
0.0036385192,6.351291e-05,0.0043381173,0.007483898,2.3286504e-05,0.0021984924,0.004068057,0.10533338,6.9097056e-05,0.00066068774,0.00093013607,0.007020985,0.003931197,0.016134178,0.0027269896,0.001997962
0.0033583636,1.1387767e-05,0.0035913438,0.006779915,3.2540807e-05,0.0021394638,1.7810184e-08,0.052491203,3.316609e-05,0.011751539,0.0015526216,0.007933883,1.739895e-06,0.007157692,0.003393831,0.0011838184
0.0028000767,3.6117184e-05,0.0037342962,0.006756241,2.4743456e-05,0.0017679046,0.0027077687,0.09121807,1.265795e-07,0.004490929,0.0010903807,0.0071395375,0.0025688352,0.015956052,0.0025279527,0.0016547187
0.0011699303,2.0042677e-05,0.003158825,0.004350288,2.930368e-05,0.0019068788,3.3448163e-07,0.059670933,7.683508e-06,0.0048658126,0.0012628936,0.008030537,4.481849e-06,0.0060226717,0.003062079,0.0013721269
0.0011233056,6.4388034e-05,0.0031425382,0.005442556,2.5678926e-05,0.0018066873,0.0016974778,0.08016337,7.363633e-05,0.010807243,0.0011968262,0.0072191106,0.0015665094,0.015945332,0.002432922,0.001388023
0.00045746926,6.3782056e-05,0.0027079736,0.0038403247,3.1908075e-05,0.0022400182,0.00021160625,0.045248546,0.00014973718,0.016132733,0.0015760073,0.0080106035,0.00026836924,0.005945618,0.0027283407,0.0008342937
0.00042469,0.00014437706,0.0026547762,0.003696613,2.5772428e-05,0.0025978,0.0010147326,0.07362304,9.6533964e-05,0.013135292,0.0012206113,0.0071696057,0.00090268964,0.014395424,0.0019114211,0.001029367
8.195558e-05,6.169163e-05,0.0022152003,0.0019569295,2.9460074e-05,0.0025643148,0.0002627628,0.049495015,0.00010745195,0.010555799,0.00124156,0.008024256,0.00032923542,0.0053053168,0.0024818839,0.0009026091
5.0056635e-05,0.00010818846,0.002302785,0.0017595014,2.1522894e-05,0.001798473,0.0014859661,0.09068563,4.081427e-05,0.003503319,0.0007541863,0.0072302055,0.0013500295,0.013926351,0.0019578142,0.0015113339
0.0001450166,5.380058e-05,0.0018993459,0.00038176315,2.2905748e-05,0.0008585566,4.5532564e-05,0.07224669,3.0049594e-06,0.000103449165,0.00068253506,0.008059769,7.377552e-05,0.004330363,0.0022657996,0.0016598167
5.3904685e-05,0.00013498527,0.0018479478,0.0006576914,2.0495405e-05,0.0020557048,0.001096167,0.09029608,3.240503e-05,0.0026824202,0.0006914681,0.007214381,0.0009715547,0.012626788,0.0015405009,0.0013148617
0.00013265407,6.955661e-05,0.0013052011,0.00031890065,2.7851815e-05,0.001911168,0.0007315036,0.046806093,0.0002705962,0.012380286,0.001066975,0.008069661,0.0008568267,0.004843814,0.002038677,0.00075386715
0.000121888224,0.0001817074,0.0012256027,0.00044961952,2.1722506e-05,0.0016593091,0.0004367457,0.077692695,0.00025738956,0.009429224,0.0007750658,0.007226182,0.000350694,0.013135849,0.0014201502,0.0010295392
0.00022653371,0.00016666832,0.00082232855,0.00018673278,2.685905e-05,0.0016778252,0.0010888265,0.045883052,0.00046295216,0.013502655,0.0010088884,0.0080560455,0.0012489922,0.00486848,0.0018921057,0.0006989583
0.0002517568,0.00028620474,0.00081113377,0.00015375338,1.8054428e-05,0.0014849324,0.0005694237,0.09257913,0.00017543125,0.0022113642,0.00054655387,0.007241289,0.00047124035,0.012537922,0.0013587917,0.0013527728
7.545447e-05,0.00031987426,0.0005151715,0.000109836365,2.7402997e-05,0.0019442543,0.0017557181,0.03947975,0.0008145597,0.021872114,0.0012504135,0.008019035,0.0019714108,0.0051181247,0.0017579647,0.00046454894
4.539351e-05,0.0007305463,0.0005237134,2.4909436e-05,1.8375436e-05,0.0023309325,0.00019013154,0.083901,0.00020428517,0.004531355,0.00076616806,0.0071989177,0.0001323035,0.012158882,0.0011898716,0.001016142
2.5899588e-05,0.0009195909,0.0003292484,1.083703e-07,2.447692e-05,0.0021207272,0.001762533,0.046818655,0.0006543602,0.012354103,0.001206583,0.008030365,0.0019763259,0.004724685,0.0016959669,0.00059379014
1.005824e-06,0.0015967942,0.00031028263,6.235096e-06,1.7846425e-05,0.0017129374,7.610045e-05,0.08498877,0.00068495393,0.005933732,0.0009194725,0.0072458647,4.0858453e-05,0.01271263,0.0010813997,0.0010017192
2.9156803e-05,0.0017085416,0.00017550704,6.651647e-05,2.1880998e-05,0.0017698901,0.0018395531,0.05502237,0.00070444023,0.0058862236,0.0012351448,0.008025858,0.0020551428,0.004260512,0.0014262022,0.0007325357
2.2164628e-05,0.0025048016,0.0001914719,2.789527e-05,1.6702237e-05,0.001361048,2.6907182e-05,0.088653035,0.0007265114,0.004002584,0.0010573098,0.007182673,7.949459e-06,0.012217682,0.00095979514,0.0010342301
0.00010529667,0.0028882786,0.00012366548,4.494645e-05,2.3222978e-05,0.001761262,0.0027225402,0.047737934,0.0011602624,0.011787829,0.0016984086,0.007935041,0.0029981658,0.0042734365,0.001204937,0.0004407859
4.7565354e-05,0.003746727,0.00013773453,6.852129e-06,1.7538216e-05,0.0016039881,9.129693e-06,0.0822586,0.0010320154,0.0071761278,0.0013958875,0.007206951,3.0360454e-05,0.01217863,0.000821722,0.00075762277
6.978945e-05,0.0034556717,6.803887e-05,2.3713974e-05,2.2147216e-05,0.0026255557,0.0028967608,0.05216054,0.0011636026,0.008241304,0.0018100699,0.008175272,0.003185083,0.004177715,0.0012272826,0.0004681788
1.5170119e-06,0.0038658387,7.679252e-05,6.918627e-07,1.6552753e-05,0.0017706349,2.4843437e-05,0.08766982,0.0010425814,0.004463538,0.0015633274,0.0074350648,5.638856e-05,0.011819769,0.0007562625,0.00081037346
1.9583144e-06,0.0033288405,2.2958455e-05,7.8636485e-06,2.3651848e-05,0.0015545386,0.0037518365,0.04586329,0.0018879748,0.01613926,0.0023854985,0.008307483,0.0040973974,0.0047240932,0.0011914385,0.00035078553
6.316324e-08,0.0033193144,2.047298e-05,5.4522607e-05,1.6021053e-05,0.0015969491,6.139891e-05,0.090514004,0.0012871627,0.0041379016,0.0018860925,0.007633888,0.00010920386,0.012224191,0.0008022094,0.0008999196
2.4270107e-06,0.0028609296,1.3119926e-06,0.00011900414,2.2937746e-05,0.002176522,0.004164384,0.047725692,0.0019683528,0.014252808,0.0029195792,0.008460679,0.0045392467,0.0046402393,0.0011379175,0.00034285345
6.623094e-05,0.0027817378,2.9344974e-08,0.0005495008,1.7921482e-05,0.00198564,0.00040158152,0.077351555,0.0019201632,0.011717293,0.002845617,0.0076720985,0.0005225056,0.012396792,0.0006551225,0.00056400907
0.00016363809,0.0022929618,5.495232e-06,0.001159223,2.6095006e-05,0.0027612539,0.0058695804,0.035914984,0.0028915405,0.03052518,0.0041667214,0.008417652,0.006345497,0.0049043936,0.0009465922,8.3616156e-05
0.0005120457,0.002433037,1.7102273e-05,0.0021457984,2.0039804e-05,0.0028006288,0.0009919786,0.06509317,0.0028076074,0.024053086,0.0039080475,0.0077280626,0.001190172,0.013014596,0.0005751138,0.00028522743
0.00045310188,0.0018830159,2.1843096e-05,0.0019151882,2.4386105e-05,0.0028007613,0.006107931,0.040621635,0.0026603993,0.021366198,0.004633735,0.008497474,0.0065948637,0.0043730307,0.00078005437,0.00010692249
0.0010759742,0.0006672952,0.025534343,0.0013962026,1.9502546e-05,0.0016618862,0.00677858,0.07189437,0.009802707,0.020102536,0.0039280285,0.008870488,0.007311382,0.016696159,0.00040831527,0.0007140023
0.0007132603,0.00028612206,0.025239065,0.00083801826,1.362308e-05,0.001220856,0.016253833,0.04534168,0.009560308,0.01880335,0.0056097023,0.009644977,0.017075181,0.0075843907,0.0006446628,0.00037779292
0.0015822462,0.00031345518,0.025274852,0.0015910545,1.2826743e-05,0.0013847694,0.01012649,0.048352763,0.008850447,0.030240363,0.007845151,0.008336509,0.0107811475,0.011441404,9.375857e-07,3.0038145e-05
0.001368149,0.00012213513,0.024492878,0.0012967306,1.840196e-05,0.0012375928,0.022788823,0.019099895,0.008599901,0.03803369,0.009331047,0.008894913,0.023764981,0.0035638567,1.363742e-06,0.00011761673
0.002130623,5.6895464e-05,0.02515934,0.0024525272,1.46081e-05,0.0022538342,0.011614031,0.033897497,0.009387852,0.04644351,0.008893077,0.008381859,0.012321569,0.01070424,1.0386931e-06,1.1987622e-05
0.0014589911,4.5329728e-08,0.024463521,0.0017713322,1.8639408e-05,0.001346882,0.022843454,0.015093133,0.009035291,0.04446627,0.009815065,0.008894812,0.023813799,0.003436735,1.3929265e-06,0.0001939625
0.0019332813,2.143717e-05,0.024965279,0.0023953456,1.48368135e-05,0.0020448526,0.012940441,0.028262299,0.010137301,0.04844983,0.009144117,0.0084611615,0.013674969,0.008901744,1.0782554e-06,2.4779902e-05
0.0016437606,0.00012263231,0.023824321,0.001996004,1.9297186e-05,0.0014521781,0.02315025,0.010930753,0.009531529,0.053728264,0.010275458,0.008714199,0.024122356,0.0032373823,1.4398023e-06,0.0002950734
0.001782966,0.00026714033,0.024283275,0.0020596255,1.3755431e-05,0.0011385635,0.013646211,0.027399322,0.009054418,0.035933375,0.008876535,0.008375083,0.014372777,0.006760825,1.1137591e-06,3.2034136e-06
0.002223568,0.00060555444,0.023347154,0.0021731143,1.9722553e-05,0.001619607,0.023166794,0.008132687,0.0097374525,0.060719743,0.010529489,0.008448227,0.024132187,0.0031029321,1.4838733e-06,0.00037092195
0.0017134728,0.00080907764,0.023826787,0.0019951414,1.3588423e-05,0.0012742853,0.014676128,0.024238694,0.008486148,0.031716317,0.008779848,0.0081534805,0.015414209,0.0052830554,1.169619e-06,5.169615e-06
0.0016447951,0.0010460176,0.022617089,0.00216967,1.8383118e-05,0.0011129893,0.022897303,0.0086817015,0.009286105,0.05007126,0.010016811,0.008207067,0.023829952,0.0024709306,1.4815307e-06,0.0002554501
0.0011434237,0.0010776465,0.022929532,0.0018771079,1.3196635e-05,0.00068694586,0.01549134,0.022581892,0.008270105,0.026958883,0.008449479,0.008003223,0.016226685,0.0041075987,1.2094368e-06,1.5944729e-06
0.0015184142,0.0013294237,0.021736432,0.0023615041,1.8532788e-05,0.0015515179,0.023239756,0.0070482404,0.009065719,0.05068157,0.009871951,0.0081257755,0.024163697,0.0020633817,1.5291919e-06,0.00033861754
0.0012050606,0.0012936996,0.021843897,0.0021565135,1.4699174e-05,0.0016102055,0.017127203,0.015793372,0.008399724,0.03544345,0.008714335,0.008035889,0.017899642,0.0034186237,1.3150586e-06,7.0458285e-05
0.0011310219,0.0013133384,0.020952528,0.0017601316,1.7821061e-05,0.001238461,0.023345424,0.0071536964,0.008799235,0.04494906,0.009320712,0.008243068,0.024242388,0.0016153257,1.5438101e-06,0.00028088334
0.0012887113,0.00110982,0.020615667,0.0016081994,1.7303044e-05,0.0012992044,0.01961814,0.008500771,0.009667304,0.055518255,0.009158478,0.008072306,0.020442542,0.0029721782,1.4518488e-06,0.00024243185
0.0010590936,0.001088907,0.019627258,0.0008318456,1.9295921e-05,0.001211081,0.024641385,0.004300042,0.009185496,0.05623111,0.009336529,0.008233136,0.02554905,0.001332244,1.637842e-06,0.00043570992
0.0005647737,0.0010464591,0.019795245,0.00026550033,1.455363e-05,0.0011016441,0.019270709,0.013406594,0.0075605,0.028975017,0.0077663106,0.008213969,0.020037383,0.001752892,1.4252188e-06,5.1900995e-05
0.0004766019,0.0009899202,0.019014107,0.00012107557,1.7143713e-05,0.0007681756,0.024022775,0.007009742,0.008063901,0.03767889,0.008131625,0.008259658,0.024875851,0.00087379536,1.6108914e-06,0.00018409343
0.00039422902,0.0007449971,0.018771032,0.00012117004,1.6159785e-05,0.0010306526,0.02068784,0.009507673,0.008435281,0.039138533,0.0076953145,0.008094589,0.021474333,0.0015775007,1.518074e-06,0.00012038398
0.00041431334,0.0005090908,0.017925823,0.0001691088,1.9744053e-05,0.0018388656,0.025306398,0.0035439865,0.009213748,0.056372598,0.008307204,0.008120458,0.026182586,0.000905794,1.7216767e-06,0.00047877748
0.00015247153,0.00037874584,0.017961513,4.9847687e-05,1.663229e-05,0.0013271081,0.021947159,0.0084706815,0.008447734,0.037972316,0.0071930652,0.008123777,0.022734165,0.001132231,1.5856111e-06,0.00015783471
4.5061606e-05,0.00029082745,0.0174315,8.748704e-06,1.7891305e-05,0.0010139998,0.025188657,0.005903522,0.008440165,0.038333323,0.0070987935,0.008225901,0.026018307,0.0005398815,1.7096658e-06,0.00023233978
